,booking_status
32786,0
3572,0
10149,1
12679,0
4570,0
30351,0
20460,1
8205,0
35360,0
14587,0
35578,0
19346,1
11302,0
8882,0
35862,0
7857,0
9554,0
29970,0
11700,1
29486,0
8029,1
33300,0
13132,0
5668,0
3583,0
11625,1
7086,0
34363,0
23499,0
30824,0
19459,1
35172,0
28772,0
23890,0
33359,0
17837,0
9094,1
36229,0
1833,0
4141,0
27115,1
22761,0
22445,0
17379,0
17903,0
13723,1
12491,0
24499,1
28492,1
19430,0
3294,0
22204,0
31338,0
31968,1
20342,1
16414,1
22562,1
22882,0
26391,0
5131,1
4665,0
16302,0
1165,0
923,0
13115,0
32211,1
3158,0
29936,0
9895,0
26596,0
14617,1
15689,0
9867,0
24188,1
28044,1
24990,0
19829,0
3790,0
10454,0
4397,0
31649,1
26114,1
11903,0
1328,0
7707,0
29853,0
24822,0
24753,1
29831,0
14127,0
34035,1
25351,0
29000,0
21469,0
34662,0
32131,0
35113,0
7652,1
14618,1
26832,1
8512,0
29674,1
14859,1
24115,0
11333,0
12118,0
20825,0
35035,0
10484,0
546,1
21445,0
20655,1
605,0
18104,0
28221,1
20415,0
6514,0
22945,1
35588,0
21715,0
24174,0
22056,0
7011,0
3835,0
3190,0
27945,1
27061,1
7751,1
34377,0
30536,1
27559,0
20010,0
11888,0
3240,0
29926,0
32134,1
6886,0
13308,1
21745,1
212,1
30036,1
18123,1
15994,1
22072,1
16540,0
3130,0
10422,0
8657,0
28409,0
10719,0
8716,0
25395,1
19658,0
11027,0
27442,0
114,1
34270,0
9385,1
6026,0
14748,0
27541,0
7706,0
17470,1
31741,0
15330,1
16152,0
30726,0
30425,1
3498,0
10216,0
23997,1
34742,0
29037,1
19295,0
24198,0
7877,0
29971,0
9632,1
3544,0
13893,1
8503,0
28413,0
32522,0
899,0
30303,1
24040,1
31802,1
264,1
8694,0
4509,0
27642,1
32176,0
27247,1
25649,0
34186,0
27533,0
22244,1
15394,1
33878,0
31419,0
16746,0
2395,0
24897,0
33487,1
20834,0
27887,1
12021,1
12562,0
33281,0
21885,1
32819,0
18812,0
33221,1
16765,1
6240,0
30630,0
4339,0
6036,1
32162,0
13008,0
14758,0
474,0
1509,0
5062,0
16256,1
17824,1
6850,0
31040,0
32745,0
15441,1
24789,1
17721,0
28198,0
28338,1
16833,0
30650,0
25468,1
17211,1
982,1
27564,0
8595,0
27877,1
15974,1
7280,1
32564,0
11068,1
36042,0
20164,0
19284,0
30350,0
13623,0
1881,0
26071,0
10102,0
279,0
34907,0
25618,0
11268,1
8233,1
26089,1
30018,0
13108,0
6056,0
2983,0
14294,0
9167,1
26891,1
13887,1
19648,0
7397,0
16020,0
32593,0
13616,0
386,1
34673,1
1050,1
14812,0
6370,0
18906,0
1966,0
27524,0
12237,0
28483,1
16570,1
8725,0
24367,1
28035,1
33703,0
17951,0
19819,0
16601,0
33686,0
21205,0
2933,0
27651,1
30479,1
6544,0
20584,0
8080,0
24568,0
14342,1
29373,1
20984,1
34604,0
26631,0
33822,0
16226,1
20103,0
34122,0
15460,1
22844,0
30075,1
25853,0
30323,1
18975,0
9786,1
4692,0
5831,0
2637,0
7300,0
286,1
21887,0
7042,0
17405,0
7630,1
11033,0
32606,1
5420,1
35493,0
17849,0
36243,1
12229,0
11550,0
4588,0
35798,0
8954,1
23270,1
20241,0
21360,0
30423,1
988,0
32280,1
7711,0
30420,1
15314,1
15369,0
22176,1
25499,0
26635,1
27038,1
28135,0
14011,1
28078,0
28751,1
6943,0
13601,1
8731,0
30596,0
28000,1
1546,0
28201,0
8166,1
5466,0
17021,0
5439,0
20471,0
21234,0
26200,1
13205,0
25512,1
3203,0
16178,0
33110,0
13978,1
35958,0
31328,0
22535,1
20714,1
38,1
18989,0
30380,0
22277,0
9372,0
21195,0
36027,0
459,0
10825,0
11345,0
2022,0
9340,0
30718,0
8261,0
11547,0
35975,0
9040,0
9699,1
34498,0
27540,0
5856,0
16229,0
32693,0
30095,0
15750,1
4474,0
25460,1
3770,0
29583,0
30626,0
6340,0
18822,1
23652,1
19077,1
15941,0
23131,1
10073,0
14843,1
25968,1
9987,1
26625,1
20380,0
26929,0
29520,0
8084,0
29550,1
17107,1
21982,0
19854,0
27700,0
29397,0
22958,0
14259,0
35459,0
11916,0
6201,0
13049,1
26272,0
35846,0
15351,1
22822,0
27713,1
14367,0
34616,0
14528,0
28090,0
5297,0
14808,0
24910,1
1671,0
5448,0
8959,0
8729,0
7927,1
31846,0
26346,0
8922,0
18003,0
23648,0
23708,0
5869,0
10935,0
31323,0
33806,0
35458,0
5268,0
8307,0
12560,0
6106,0
29460,0
4649,0
11458,0
8938,0
13061,1
6903,0
10973,0
20462,1
22846,1
5292,1
13801,0
8629,1
16225,1
10533,1
4968,0
28112,0
22082,1
11670,1
33676,1
21646,1
31656,1
27679,0
6091,0
9769,0
16435,0
14023,0
17783,0
15926,0
12565,0
30049,1
22599,1
14876,1
997,1
21589,0
35250,0
34184,1
10927,1
22825,1
14562,1
18387,0
20012,0
33228,0
18653,0
13956,0
9401,0
32130,0
26594,1
3431,0
29750,1
18629,1
1683,0
9537,1
10132,0
14553,1
28097,0
24496,1
24766,0
1393,0
28521,1
9060,1
2257,0
14517,0
15664,0
26118,1
27878,0
34650,0
31192,0
9086,1
34108,1
21713,0
22458,0
16339,0
2808,0
16822,1
32374,1
17509,1
29662,1
19415,0
36189,0
8207,0
31872,1
6290,0
26492,0
1041,0
12139,0
13122,0
25384,1
27072,0
29604,0
36167,0
11059,1
21266,1
19008,0
3760,1
10783,1
2831,0
26040,0
33982,0
20027,1
17675,0
28060,0
11101,1
17458,0
28657,0
26705,1
35699,0
1665,0
16288,1
23875,0
30674,1
8537,0
25728,1
21024,0
24800,0
2874,0
17936,0
16480,1
33411,0
17133,0
2612,1
6239,0
10679,0
33344,0
12578,0
16036,1
7365,0
16310,0
29455,1
35532,0
34714,0
28431,0
25410,0
8577,0
29217,1
9715,0
11937,0
8074,0
27054,0
30322,0
5710,0
22859,0
19297,0
113,1
2432,0
30699,0
25918,1
23269,0
12916,0
16213,1
32218,1
35218,0
25922,0
5633,0
2678,1
26828,0
7175,0
5277,0
22358,0
2659,0
34385,0
34757,1
2058,0
20324,1
7196,0
33769,0
16798,1
8573,0
14379,0
18839,0
7966,0
21479,1
33418,1
35663,0
35745,0
31520,0
36186,0
35469,0
26686,1
23768,1
12978,0
16419,0
9845,1
25579,0
15824,0
24448,1
21851,1
7455,0
9375,1
34423,0
28760,1
11034,0
4273,1
19316,1
9737,0
35448,1
12238,0
6743,0
26270,1
15355,1
13508,0
7663,0
21150,0
18389,0
33310,0
25789,0
20353,1
606,0
29451,1
26442,0
35230,0
5918,0
5764,0
27858,1
17811,0
29339,0
26652,1
11447,0
35100,1
14338,0
4990,0
29386,1
20955,1
33752,0
31509,0
16385,0
6169,0
28386,1
29656,0
15251,0
27165,0
3099,0
35190,0
16321,0
29818,0
3191,0
2975,0
5584,0
1533,0
17121,0
31293,0
24617,0
16421,1
2355,0
31878,1
1135,1
25730,1
8869,0
6584,0
13665,0
26355,0
23721,1
199,0
16947,1
23406,1
22831,1
3971,0
23464,0
9253,0
12496,1
25697,1
26294,0
7231,0
6348,0
21798,0
15776,0
16591,0
3929,0
36230,0
11446,1
4083,0
10389,0
34536,0
4045,0
27096,0
2484,0
8474,0
26540,1
34182,1
27125,0
22739,1
34775,0
18518,1
1663,0
15937,1
24647,1
17093,1
11292,1
2948,0
27455,1
395,1
22670,0
11518,1
6705,0
14847,0
35341,0
30501,0
289,1
18157,0
17412,0
12134,0
23921,1
22028,1
10172,0
35856,0
2065,0
26912,1
5444,0
34956,0
23638,0
33000,0
25030,0
18919,0
24805,0
24545,0
22990,0
34803,0
4520,0
17613,1
28889,0
31111,0
3411,0
16901,0
8108,0
21606,0
4584,0
12936,0
10768,1
20651,0
28525,1
25182,0
163,1
362,1
16852,0
397,0
34352,0
7540,0
856,0
35324,0
24685,0
30569,0
24373,0
29047,1
25279,1
9272,0
19413,1
28099,0
29949,0
35065,0
1709,0
16520,0
6807,0
31178,0
16698,1
14353,1
5424,0
15258,0
6318,0
3056,0
242,1
28175,0
22656,0
25175,0
20046,0
26278,0
5006,0
31162,0
31196,0
22782,0
27491,1
13720,0
8541,0
28250,0
14868,0
10018,0
26265,1
15500,0
10010,1
7432,0
20316,0
6232,0
32899,1
25823,0
32423,0
5734,0
7556,0
27263,1
17076,0
3292,0
35398,0
23744,1
28647,0
23367,0
13565,0
5612,0
20637,0
7795,0
26163,0
31167,0
32648,0
31300,0
2124,0
34618,0
20995,1
36215,0
36108,0
31651,1
33264,1
5405,0
24036,0
7370,0
25628,1
28179,0
6898,0
33167,0
29588,1
14027,0
17712,0
4452,0
9688,0
30442,0
24818,1
25076,1
3754,1
5594,0
25700,0
22547,1
34510,0
538,0
10472,0
4115,1
2385,0
11958,0
27433,0
14640,0
4392,0
10932,0
34827,0
6810,0
16830,0
36165,0
29699,0
28208,0
33438,0
25042,1
32357,1
30642,0
3248,0
21702,1
3142,0
36051,0
27791,0
34466,0
27281,1
3967,0
30475,1
20432,1
539,0
1785,0
19100,0
7550,0
35380,1
8727,0
20459,0
30916,0
28368,1
24252,1
17681,0
5886,0
15730,0
5556,0
27552,0
19521,0
36235,0
10376,0
23701,1
6257,0
25621,0
12884,0
17577,1
4767,0
827,0
23674,0
28302,0
8345,0
1650,0
3632,0
28808,1
22074,0
21541,1
33018,0
14076,0
32702,0
5266,0
36107,0
12514,0
31905,1
26829,1
10560,0
24951,0
5082,0
33705,0
36211,1
32572,0
24600,1
8079,0
35432,1
29193,0
14602,0
10407,0
32000,1
22911,1
847,0
4143,1
25667,0
800,0
23112,0
15684,1
15402,0
23927,0
17798,1
26896,1
26403,0
15151,1
9615,0
32303,1
23311,0
11631,1
9370,0
23526,1
28156,1
6162,0
35886,0
23202,0
26535,0
13467,0
14305,0
36040,0
7804,0
30740,0
12357,0
35093,0
10562,1
2736,0
20741,1
31660,1
33202,0
4523,0
3405,0
20464,0
24144,0
8939,1
13853,0
17118,0
12988,0
34543,0
22937,1
26067,1
6243,1
3987,1
28294,0
2447,0
2152,0
25427,0
16580,1
20473,1
26573,1
14106,0
35737,1
23285,0
4695,0
21251,1
32177,0
35931,0
24904,0
23143,1
30989,0
2742,0
34727,0
11436,0
30906,1
18986,0
22710,0
22899,0
32220,0
33948,0
33888,1
13268,1
5907,0
1659,0
782,0
23753,0
27395,1
1994,0
3954,0
14461,0
15361,0
34334,0
5434,0
16407,0
2063,0
33192,0
14144,0
31270,0
34908,0
24334,0
31207,0
10782,1
29783,0
12222,1
29564,1
2879,0
4133,0
24952,0
1327,0
17942,0
11159,0
9130,1
7066,0
15085,0
24082,0
34989,0
8202,0
26549,1
24937,0
26025,0
20830,1
3640,1
16289,0
2746,0
34223,0
21543,0
7302,0
34969,0
9165,0
5670,0
32535,1
35626,0
14079,0
9957,1
15321,0
6864,0
28374,1
20337,0
29867,0
8069,0
19871,0
2121,0
19962,1
14128,0
29872,1
22681,0
11582,0
4177,0
5364,0
16576,0
5115,0
1558,0
30857,0
11610,0
35906,1
8440,0
8866,1
18508,1
28158,0
23518,0
27727,0
17998,0
5864,0
921,0
33553,1
21657,0
27721,1
31497,0
5733,0
22069,1
10918,0
24309,0
3663,0
30719,1
28223,0
9635,0
13514,0
25325,1
21339,0
24891,0
1228,0
31394,1
9261,0
26846,0
34639,0
14147,1
16023,0
10346,0
9493,0
14792,1
35311,0
28457,1
16471,0
20937,0
29258,0
3091,0
27364,1
9919,0
4113,1
28601,0
12866,0
24535,1
33724,0
24966,1
29140,0
8126,0
23489,1
28839,1
28022,1
19805,0
4568,0
27913,0
27744,0
434,0
27749,1
15694,0
31072,0
1284,1
18949,0
18314,0
2666,0
15329,1
19032,0
19298,0
6154,0
9822,0
26649,1
9090,1
15629,0
9523,0
19496,1
26835,1
22336,0
24203,1
12949,0
23312,1
10637,0
5050,0
19588,0
5617,0
16985,0
3813,0
16356,0
18841,1
5539,0
30885,0
25819,0
12681,0
26681,0
15341,1
9318,0
8496,0
31970,0
22326,0
20185,0
7248,0
12314,1
26160,0
27156,0
26466,1
28379,0
31981,1
32526,0
1660,0
746,0
15936,1
29067,1
669,0
14293,0
4911,0
18183,1
18263,0
24034,1
27847,0
1508,1
26291,0
34204,0
30930,0
30964,0
1323,0
20818,0
26293,0
18642,0
17564,1
524,1
27119,0
3829,0
8428,1
27755,0
33119,0
29385,1
32983,0
13215,0
26188,0
17283,1
23254,0
7262,0
11733,0
11109,0
26913,0
5315,0
34183,1
2781,0
22174,1
12354,0
7468,0
32583,0
9530,1
23010,0
18531,0
23736,0
27814,0
31541,0
10908,1
30400,1
18967,0
9831,0
32730,1
18768,1
10830,0
7657,0
32955,0
10414,0
29354,0
34710,0
34358,0
6062,0
8625,0
8355,0
26591,0
32823,0
26932,0
15458,1
5274,0
5511,0
19537,0
26413,1
579,0
21916,1
11701,1
5236,0
8988,0
19408,0
16870,1
22909,0
5858,0
2839,0
1188,0
20788,0
11351,0
7144,0
4226,1
3745,0
10182,0
31002,0
7266,1
24511,1
19156,0
28913,1
20465,0
26864,0
26250,0
30782,1
30081,1
28970,0
15604,0
30132,1
961,1
30198,0
3124,0
3609,0
33131,0
26456,0
31710,0
19600,0
15853,1
27332,0
5054,0
15070,0
7830,0
16961,1
22437,0
32712,0
10854,0
5609,0
33305,1
7578,1
34306,0
21042,0
29708,1
7450,0
16475,0
27565,1
15969,0
22087,1
13974,0
15265,0
9917,1
24329,0
17924,0
29608,0
13051,1
14995,0
24292,1
11841,0
18777,1
26259,1
29793,0
19820,1
29031,0
9409,0
24470,1
23663,0
4729,0
20595,1
25541,0
14479,0
32024,0
18282,1
4913,0
23090,0
27259,1
3194,0
5120,0
10546,1
13717,1
5795,0
15259,0
32231,1
14060,0
24224,0
8571,0
15477,1
24316,1
19528,0
35362,0
33736,1
20956,0
2600,0
14033,1
2896,0
13745,1
8977,0
21794,1
6152,0
26875,1
15946,1
25506,0
32078,0
3296,0
12908,1
6901,0
9798,0
16707,0
19900,1
27248,0
6404,0
10116,1
13721,1
24895,0
31101,0
35937,0
18578,1
35184,0
17907,0
13069,0
30880,1
5969,0
34658,0
4099,0
23198,0
23477,0
32115,1
17431,1
3639,0
13733,1
26213,1
6979,0
8254,0
18881,0
18833,1
26915,0
10883,1
23962,0
32761,0
2006,1
10732,0
17665,0
25900,0
13181,0
14735,0
2215,0
27762,1
22337,1
17007,1
9291,0
35605,1
14841,0
25962,0
34595,0
13414,0
3872,0
27935,1
23965,0
2508,0
8763,0
3856,0
19705,0
23914,1
14974,1
17005,0
9241,0
9173,1
6118,0
31993,0
10008,0
14797,0
197,0
32621,0
21560,1
30209,1
23567,0
18354,0
15881,0
11060,0
32833,0
16136,1
26103,1
6467,0
12345,0
2434,0
4160,1
18053,0
13982,0
22829,1
25393,1
845,0
17066,1
1042,0
20212,0
8825,0
22153,0
26194,1
2943,0
18659,1
5220,0
19139,1
30748,1
9620,1
23812,0
5239,0
13939,0
8854,1
23260,0
15189,0
24286,1
27383,0
21140,0
14882,1
20941,0
5868,0
17042,0
19370,1
19720,0
17768,0
5960,0
13444,0
4546,0
19397,0
7393,0
19672,1
35585,0
34915,0
5024,0
32837,0
8518,0
30543,0
16426,0
25545,0
19794,1
7735,0
22924,0
19412,1
9365,0
18760,1
19885,0
7632,0
30535,0
31700,0
16359,0
30094,1
8805,0
11604,0
32604,0
27685,0
32463,1
27147,0
20767,1
26704,0
4825,0
34686,0
5671,0
5384,0
31967,0
28314,1
6931,0
22940,0
6520,0
25564,0
34370,0
5977,0
28576,0
1882,0
31813,0
15993,1
13319,0
294,1
4046,0
12449,0
4193,1
29816,1
8941,0
8195,0
9743,0
2832,1
30392,0
13471,0
15599,0
27508,1
13678,1
18361,0
5380,0
20287,0
35038,0
32895,0
616,0
32778,0
34762,1
13709,0
32511,0
18127,1
11709,0
30821,1
29061,1
16092,1
3058,0
3005,0
33348,1
32880,0
11648,1
25683,0
19872,1
7389,0
33468,0
30281,1
17971,0
12687,1
5454,0
2618,0
14388,0
10125,1
31064,1
6139,0
25695,1
26238,0
33291,1
28982,0
1184,1
540,1
16710,0
21991,0
5760,0
10418,1
23845,1
25675,1
488,0
10355,0
25240,1
6609,0
7361,0
27017,0
27931,0
15528,0
27138,0
25774,0
32536,0
16929,0
32873,1
15535,1
17109,1
7095,0
12753,0
11276,1
9161,0
10449,0
1199,0
14789,1
30057,1
13852,0
25446,0
5638,1
30958,0
17960,0
25429,0
25172,0
20227,0
20668,0
27288,1
29847,0
1414,0
16988,1
9623,0
33976,0
13785,0
14607,0
10368,0
23773,1
19937,0
6161,0
3366,0
33732,0
33537,0
13461,1
23630,1
31624,0
11757,1
36264,1
21629,0
6305,0
19335,0
29973,0
22730,1
8047,1
11478,1
35645,0
13804,1
34456,0
32405,0
13993,0
26797,1
19901,0
9312,0
8374,0
35778,1
1332,0
17709,0
18751,0
22679,0
11282,0
4496,0
740,0
6940,1
11865,0
22941,0
33439,1
22569,0
12505,0
31414,1
35972,0
1052,0
7755,0
3227,0
4072,0
25208,1
18770,0
3456,0
5698,0
31567,1
10993,0
19455,1
28178,0
13434,0
20057,0
8215,0
6468,0
11209,0
19911,0
13350,0
36049,0
20784,1
29921,0
15344,1
24861,1
23570,1
15494,0
33396,0
30367,0
36260,0
33875,1
6678,0
9152,0
1233,0
26248,1
34729,0
10718,1
27659,1
19128,1
798,0
32610,1
26830,0
16596,0
34449,0
27806,0
15815,0
8136,0
478,0
573,0
22793,0
22635,0
19741,0
3323,0
21426,0
22536,1
13103,1
6355,0
16252,1
32087,0
8247,0
4675,0
972,1
13966,0
21228,0
758,0
30949,1
27581,0
4505,0
31415,1
12267,0
32731,1
19998,0
25942,0
12402,0
25943,0
27162,0
17000,0
35965,0
22463,0
27010,1
33637,0
19965,0
1437,0
26244,0
16422,0
6482,0
292,0
21035,0
30676,0
8339,0
15920,1
8099,1
13203,0
17537,1
4263,1
3546,0
18581,1
16647,0
10219,0
3838,0
11393,0
14706,0
30966,1
31602,1
26772,1
8755,0
17847,0
13009,0
11324,0
21175,0
33939,0
23248,1
27708,0
8810,0
22353,0
12447,1
16231,1
659,1
28846,1
19659,0
14707,1
13631,0
12790,0
28215,1
10740,0
35291,0
13192,1
12156,0
3371,0
20792,1
20147,0
9686,0
19194,0
25889,0
33363,0
6624,0
4352,0
30937,1
4533,0
25449,1
25204,1
11377,0
27284,0
18865,1
11834,0
8671,0
24678,1
29599,1
18527,0
16462,0
29338,0
23483,1
7065,0
27615,0
23450,0
30295,1
32479,0
25225,0
14760,0
379,1
14094,0
24080,0
31460,0
3429,0
13731,0
28755,1
18342,0
9433,0
27437,1
35008,0
22348,1
14880,1
23968,1
24911,0
21039,1
15381,1
32205,0
7667,0
21951,1
34029,0
17446,0
27741,1
2686,1
22298,1
19027,0
33859,1
27534,1
23953,1
30059,1
26851,1
7043,0
22622,0
32613,0
22395,0
9434,0
34998,1
29870,0
27169,0
24602,1
22581,1
1207,1
11523,0
9052,1
22015,0
27199,0
23140,0
20610,1
9100,0
34198,0
30355,0
5747,0
34505,1
27963,1
14911,0
8951,0
16532,1
14652,0
15795,1
29195,0
21914,0
10841,1
2376,0
27621,0
31223,1
9772,1
23425,0
31448,1
11992,0
17095,0
17678,0
16232,0
33015,0
24603,1
18610,0
3789,0
12365,0
19971,1
6228,0
13110,1
5983,0
21812,0
13639,0
20657,0
9203,1
21099,1
8514,0
35283,0
24625,1
26312,1
691,0
27706,0
31437,1
19747,0
2280,0
2571,0
23667,1
18309,0
2838,0
4438,0
8956,0
34780,0
24569,0
5310,0
29819,0
15821,0
28298,0
33099,0
25177,0
10514,0
12574,1
12315,0
35614,0
27071,0
6497,0
24010,0
10159,0
12004,1
30786,1
12150,0
6263,0
7022,0
31171,0
15589,1
31599,1
840,0
17030,0
11783,1
565,1
23465,1
5995,0
33529,1
23163,0
14335,0
21235,0
22556,0
12448,0
19856,1
663,0
7666,0
31246,1
21910,1
16242,1
5175,0
11839,0
33136,1
35689,0
3265,0
5165,0
11693,0
14541,1
10650,0
22180,0
28277,1
11572,0
22292,1
35153,0
15568,0
22689,0
601,0
18436,1
15395,0
19177,0
6457,0
25345,0
26966,0
26895,1
12858,0
30962,0
835,0
6972,0
1196,1
1575,1
34745,0
4780,0
25242,1
23303,1
18882,0
8753,0
29620,0
35490,1
35326,0
8081,0
17937,0
8267,0
15064,0
18221,0
29019,1
22301,1
34424,0
6229,0
24211,0
23783,0
20130,0
35366,0
17938,0
21059,0
26045,1
12996,1
16939,0
17674,0
17739,0
26700,1
18118,1
5938,0
29689,1
2287,0
27528,1
22997,0
12977,0
12512,1
20917,0
28915,1
5564,1
5681,0
3832,0
20326,0
23210,1
13029,0
21950,1
32577,0
16674,0
28841,1
21631,1
6282,0
7896,0
3034,0
24442,0
16174,0
35174,0
4963,0
28357,1
28807,1
34568,0
32338,0
4004,0
2202,0
5483,0
32453,0
6679,0
14220,0
33572,0
21417,1
14478,0
6195,0
10406,0
21649,0
12389,0
9735,0
27440,0
20879,0
11876,1
26247,0
4009,0
7952,0
7805,0
34231,0
11336,0
27231,0
476,0
11443,0
29072,1
33513,0
10048,0
5873,0
15066,0
34106,1
29154,1
483,0
35177,0
11920,0
25813,0
31418,1
25312,1
15863,0
31128,0
8795,1
21129,1
24572,1
2842,0
9118,1
24803,0
12060,0
8718,0
16786,0
5947,0
18315,0
4117,1
25927,0
30947,0
24189,1
14214,0
6133,0
5848,0
9611,0
18514,0
13366,1
33824,0
21404,1
14905,0
19546,0
6142,0
30244,0
28310,1
5708,0
8627,0
18509,1
35393,0
10027,0
15294,1
13579,1
10088,0
31346,1
6138,0
34030,1
31007,1
889,0
28020,1
4173,0
15822,1
34210,0
19314,0
1406,1
23387,0
9004,0
14450,0
12045,0
35257,0
34501,0
31808,0
32404,1
35206,1
4401,0
6586,0
27297,0
10393,0
1379,0
22045,1
33249,0
13583,0
20123,0
6426,0
31825,1
28564,0
13134,1
23558,0
29510,0
10392,1
31632,1
4560,0
16245,0
26532,0
9231,1
20481,0
5291,0
6120,1
4466,0
5470,0
22714,0
21358,0
3120,0
35933,0
35130,0
31348,0
33562,0
9047,0
35787,0
21325,1
19093,0
35559,0
13036,1
21209,0
21000,1
21335,0
17033,0
34408,0
10934,0
831,0
23779,1
18283,1
21440,0
6267,0
12489,0
18794,0
18301,0
20339,0
17096,1
15567,0
31100,0
571,0
7777,0
13842,0
19526,1
29374,1
7558,0
28665,0
419,0
30496,0
13182,0
30728,1
35754,1
22152,0
13453,0
17184,1
1587,0
33415,0
13819,0
30858,1
27635,1
13133,1
4298,0
9865,1
33094,0
30876,0
5258,0
3567,1
12349,1
36073,0
33533,1
29605,1
29649,1
4251,1
27006,0
20440,1
9621,0
14391,0
18167,1
22781,1
711,0
14212,0
34950,0
3492,0
22982,0
11537,1
31701,1
26528,0
7887,1
20177,1
8809,0
32824,0
11140,1
18856,1
4361,0
13864,1
15246,0
6749,0
66,1
30683,1
15196,0
32923,0
32729,0
26726,0
18368,0
17557,0
19325,0
30963,1
22647,1
22573,1
24874,0
10660,0
22604,1
18901,0
17875,1
6108,0
35179,1
19858,0
8477,1
8326,1
31183,0
27397,1
20482,0
3047,0
20631,1
15765,0
6045,0
29813,0
30326,0
30692,1
27028,0
1571,0
20426,0
16113,0
27730,1
4716,0
32779,0
15682,1
1252,0
15132,1
20138,0
27908,1
27102,1
24254,1
8704,0
34972,0
18055,1
2086,0
15485,1
20031,0
10032,0
23307,0
2862,0
10999,0
11416,0
18343,0
28865,1
1490,0
34138,0
33490,0
22488,1
13935,0
35097,0
1408,0
17644,1
23237,1
28826,0
9021,0
9808,0
10838,1
27819,0
6977,0
19487,1
930,0
11681,1
6253,0
28306,1
34301,1
19685,0
27336,1
5039,0
742,0
5803,0
17629,0
2805,1
21345,1
16610,1
26964,0
5837,0
20156,0
2305,0
16863,1
7757,0
4950,0
11030,1
8889,0
20275,1
19258,0
9674,0
27268,1
24821,1
19681,0
26538,0
24659,1
8970,0
11686,0
6320,0
12899,1
3507,0
6204,0
33980,1
7774,0
30867,1
11602,0
6812,0
2820,1
35652,0
20285,0
12014,1
24319,1
3458,0
3644,0
35286,0
17323,0
27561,0
16679,0
1921,0
24605,0
4543,0
15492,1
27500,1
33323,0
16053,1
28086,1
10161,0
15165,0
34894,0
17260,1
3103,0
20592,1
19553,0
27075,1
25840,0
4385,0
19287,0
31526,0
24362,1
9023,0
24633,1
10894,0
8505,0
4101,1
13521,1
16711,0
7189,0
28070,1
20485,1
139,0
7668,0
35928,0
26354,1
2054,0
21611,0
22447,0
17807,0
892,0
30476,1
6427,0
7931,0
6281,0
28663,1
29441,1
23986,0
3527,0
24744,0
14343,1
24845,1
20806,1
22320,0
29273,0
17617,1
13830,1
24315,0
13214,0
35996,0
28888,0
5641,0
30388,0
19827,0
11118,0
4843,0
10420,1
34776,0
23758,1
18563,1
30980,1
17039,0
9410,0
417,0
1897,0
32956,0
29410,0
34814,0
24215,0
27365,0
25548,0
8501,0
7956,0
16214,0
18761,1
17200,0
27703,1
21872,1
31555,1
4969,0
4577,0
22406,0
3653,0
11517,0
3029,0
25777,0
1985,1
24546,0
3590,0
681,0
19075,0
5201,0
9641,1
6123,0
4541,0
24379,1
3143,0
28632,0
15475,0
27172,0
7351,0
25161,0
17331,1
2615,0
11113,0
26595,0
16111,1
12159,1
9995,0
13961,0
13310,0
28185,0
2706,1
36240,0
828,0
16694,1
13629,1
24672,0
25931,0
9145,1
28853,0
16408,0
312,0
25582,0
36152,0
20892,1
20780,0
14657,0
117,1
20456,0
22431,0
15175,1
26743,1
19304,0
24781,0
27427,0
23656,0
3280,0
34832,0
32256,1
33031,0
2301,0
11152,1
19005,0
18988,1
32739,0
328,0
1677,0
14026,1
8693,1
35803,1
25227,0
21213,0
1656,0
23879,0
29299,0
21790,1
10683,0
32663,0
34547,0
28726,0
15943,0
24353,1
19216,0
11408,1
21470,0
25731,1
19435,1
25887,0
22983,0
35201,0
29432,1
8150,0
30387,0
6425,0
9873,0
1441,0
35598,1
19359,0
34549,0
9936,0
4258,1
12686,1
14488,0
11352,0
33811,0
19054,0
22165,1
20756,1
1040,1
9559,1
11394,0
16393,0
13746,0
25524,0
15756,0
24414,1
17603,1
28644,0
12620,1
17781,1
908,0
1834,0
4345,0
34380,0
14645,0
30690,1
25907,0
17025,0
27350,1
7340,0
7572,0
32359,1
21578,0
33610,0
6089,0
2486,0
4893,1
20940,0
14199,1
16243,0
13799,0
31034,1
7366,0
2462,0
6166,0
33387,0
870,0
10780,0
17065,1
7882,1
15554,0
3816,0
5728,0
9733,1
22011,1
3262,0
31324,0
19668,0
1529,0
32011,0
6400,0
24450,0
6196,0
3526,0
22610,1
29772,0
11057,1
10851,0
21208,0
24235,0
20799,1
28761,0
5015,0
6066,0
29665,1
32350,1
6762,0
17252,1
872,0
14200,1
2719,0
30610,0
32962,1
1089,0
6890,0
23161,0
28087,0
15893,1
30504,1
17245,0
26564,0
29222,0
8196,1
23200,1
23848,0
2474,0
13246,0
18778,0
33142,0
4150,0
18381,0
20195,0
15184,0
34682,0
19637,0
6412,0
2249,0
25094,1
7789,0
35331,0
24263,1
29633,1
20292,0
22827,1
29516,1
15633,0
18741,0
23194,0
14070,0
5999,0
6464,1
2971,0
3398,0
19003,0
31138,0
29637,1
92,1
22203,1
5213,0
15238,0
33183,0
7695,1
18898,0
12297,1
660,1
6872,0
20897,1
6126,0
6988,0
35468,1
32991,1
1134,0
4598,0
8823,0
701,0
28276,1
9363,0
10398,1
11944,0
24971,0
14782,0
23970,1
6460,0
9696,0
28589,0
22741,0
13989,1
27905,1
907,0
25263,1
1920,0
18142,1
24154,0
34319,0
29159,1
15411,1
32954,0
19578,0
1036,0
21294,0
22989,1
13086,1
22848,0
19770,0
15771,1
14747,0
19945,0
27431,1
9896,0
20493,1
14406,0
6818,0
21118,0
31566,1
6250,0
12187,0
5111,0
8245,0
3041,0
21532,0
9380,0
15574,1
33971,0
22467,1
26775,1
22435,0
30985,0
28360,1
3504,0
10597,0
22318,0
29481,1
31360,1
30924,1
19178,1
460,0
23513,1
27909,1
28254,1
888,0
13653,0
28730,1
26665,1
9872,1
22150,1
4689,0
29231,1
33739,1
8881,1
19691,1
35080,0
27657,0
33180,0
5808,0
8316,0
5887,0
11644,0
6865,0
17939,1
21856,1
10181,0
6307,0
13269,1
26615,1
24272,1
24761,1
31311,0
11643,1
15103,0
13700,0
10105,0
20774,1
8894,0
25525,0
25557,0
654,0
7602,0
12005,0
24072,1
15335,1
27406,1
28721,0
29150,1
20033,0
11354,0
21930,1
30136,0
31018,1
19981,0
17053,0
80,1
9745,0
24613,0
25243,0
24899,1
13349,0
12432,0
180,1
5645,0
29032,0
14544,0
9835,1
5580,0
30086,1
3354,0
30912,1
23654,1
34277,0
31852,1
23820,1
25295,1
34608,0
33648,1
14891,0
22343,1
7976,1
17324,0
26414,0
28676,1
17390,1
22475,0
25826,1
12616,0
31819,0
24424,1
13150,0
4551,0
1979,0
25739,0
27298,1
29896,0
22861,1
25380,0
1232,0
3616,0
32451,1
4418,0
2440,0
13014,1
32448,1
23849,1
19161,1
17469,0
35629,0
33952,0
19311,0
6134,0
22214,1
14545,0
21308,1
12142,1
20932,0
9881,0
4608,0
19982,0
3748,0
26598,0
13619,0
35954,1
8014,1
28261,0
2480,0
7500,0
33909,0
14788,1
26900,1
18198,0
23086,1
23271,1
18092,0
32965,0
13703,0
31404,0
5228,0
22523,1
3850,0
20189,0
26576,1
29445,1
31054,0
10395,1
10226,0
20045,0
17119,1
7907,0
32947,0
5876,0
24648,0
8329,0
31899,1
6675,0
17175,1
20854,0
3226,0
34371,0
27277,1
17655,0
29092,1
32059,0
28508,1
18694,1
26582,1
24483,1
11062,1
17098,0
6920,0
35075,0
1175,1
29252,0
11353,0
34463,0
16879,0
409,0
306,1
19058,0
35610,0
36171,0
30637,0
3004,0
13936,0
33240,0
17661,0
31239,0
35408,0
14902,1
694,1
26918,0
19373,1
5387,0
28916,1
19584,0
32189,0
9053,1
15253,0
12506,0
25386,1
2243,0
1788,0
28901,0
3582,0
26697,0
20254,1
28766,0
24463,0
12522,1
17553,0
4301,1
12259,0
377,0
14577,1
1884,0
17771,1
6836,0
23865,0
10005,1
26616,1
28321,1
30667,1
26387,0
6279,0
4765,0
5788,0
17116,1
1370,0
29859,0
25428,1
2181,0
20581,1
17547,1
12750,0
24485,0
19030,1
34504,0
33829,0
29642,1
4841,0
6245,0
7506,0
22016,1
6933,0
3793,0
28103,0
18442,1
35279,0
31265,1
6721,0
16875,1
7069,0
35492,0
4025,0
12885,0
17791,1
12982,0
21155,1
19122,1
16781,0
21721,1
7305,0
36269,0
33792,0
5502,0
13747,0
13116,0
450,0
27085,1
21241,1
28684,1
23565,1
28670,0
35607,0
28141,0
35052,0
4806,0
4840,0
27278,1
21666,0
1922,0
3633,0
17932,0
20906,1
6258,0
19445,1
22998,1
16953,0
1236,0
1342,0
17145,1
8305,0
9096,0
26222,1
6726,0
21761,0
10696,0
7933,0
2986,0
15537,0
2988,0
23587,0
21622,0
31286,1
23537,1
31220,1
27197,1
19269,0
12226,0
4413,0
6563,0
883,0
23572,1
10886,0
8744,1
10391,0
14098,1
20908,1
32834,0
13883,0
8510,0
15000,0
1501,0
30436,1
4110,1
954,0
23989,0
23509,1
31999,1
678,1
27234,0
20003,0
31472,0
11974,0
22273,0
33493,0
11873,0
20102,0
5117,0
33082,0
21006,1
27881,1
18993,1
25827,1
9932,0
33130,0
17402,1
14767,1
20091,1
8407,0
25405,0
18529,1
10613,1
245,1
10726,1
6184,0
22403,1
8542,0
32842,1
21889,0
6241,0
22951,1
20304,1
19719,0
5382,0
28765,1
14034,0
14484,0
32110,1
17190,0
28487,1
27341,1
20763,0
30603,0
13359,0
27469,0
33089,0
26986,0
28742,1
17050,0
20768,1
23770,1
34407,0
2333,0
28618,0
23910,1
32136,0
11605,1
1940,0
5859,0
31806,0
14801,1
2307,0
15293,0
5493,0
18512,1
24560,0
17755,0
32974,1
983,0
27821,0
16789,0
23829,0
36009,1
34142,0
602,1
35698,0
34069,1
11979,1
18280,1
22178,0
13265,0
25737,0
3493,0
5913,0
5353,0
26890,0
17921,0
14402,0
20248,0
14025,0
5628,0
10517,1
22428,0
35731,1
31307,1
267,1
5036,0
6164,0
23919,0
35774,0
22887,0
6012,0
19895,0
7470,0
23053,1
12343,0
35094,0
12724,0
31800,0
29487,1
27290,1
6143,0
24712,1
23296,0
6146,0
20546,1
6562,0
4855,0
20098,1
20725,1
16307,0
8077,0
25187,1
22434,1
20145,0
11933,1
24160,0
31257,0
26656,1
16940,0
1325,0
28609,0
25845,1
3914,0
31253,0
25390,1
18928,0
29435,0
6311,0
25298,1
21832,1
9381,0
17114,0
2898,0
16761,0
15182,0
27194,1
14180,1
1912,1
10106,0
24914,1
8125,1
514,0
16732,1
14400,0
32945,1
3334,0
3038,0
31976,0
22373,0
31385,1
23137,1
26841,0
36004,0
34697,0
26825,1
32296,1
3673,0
29244,0
900,0
11949,0
31427,0
9774,0
19023,0
23834,1
25577,1
21884,0
33324,0
16120,1
8092,0
30986,1
15530,0
12301,1
30066,1
28650,1
32180,0
24043,1
35427,0
23094,0
754,0
33068,1
8912,1
12997,1
9070,0
17312,0
12909,1
25483,0
14608,0
25488,1
19044,0
23786,0
33580,1
8317,0
8613,1
28624,1
35203,0
8565,0
22773,1
13011,1
17285,1
9139,0
32485,0
21482,0
27597,1
32982,1
8239,0
24473,0
33831,0
26730,1
23487,0
8526,0
29335,1
32088,0
11116,1
28856,0
31468,1
17475,0
32496,1
21696,0
24941,0
2502,0
8581,0
1474,0
21159,1
32762,0
7793,0
978,0
16197,1
34364,0
25899,0
4583,0
22438,0
25363,1
18684,1
4677,0
29823,0
25202,0
29254,1
31954,0
3908,0
28292,1
26588,0
27390,1
23245,0
15379,0
9487,0
4779,0
9914,1
3882,0
31693,0
3033,0
18376,1
23188,0
23804,0
23679,0
31287,0
15046,0
7954,0
18284,0
21777,0
31650,1
21272,1
11726,1
13813,1
1159,0
10891,0
19802,1
13012,1
3344,0
16132,1
12896,0
5790,0
5904,0
12561,1
16956,1
23160,1
15572,0
32513,1
36166,1
5874,0
7535,1
9025,0
17648,0
31901,1
6822,0
26682,1
1717,0
20635,1
20216,0
10145,1
23243,0
18516,0
5546,0
17991,1
12602,0
33510,0
19035,0
12082,1
14700,0
10665,0
2680,1
21771,0
19613,1
12598,0
491,0
1209,1
13688,0
20112,0
28210,0
22541,0
9259,0
5170,0
22338,0
15025,0
7200,0
1898,0
14438,0
8885,0
3479,0
31382,0
12934,0
28355,0
15763,0
15126,0
184,1
19168,1
32881,0
14558,1
14913,1
33726,1
1351,0
8314,0
21249,0
16465,0
22680,1
28328,1
22360,0
6699,0
8174,1
14456,1
32703,0
10158,0
3269,0
26419,0
1988,1
33243,0
24522,1
26910,0
33380,1
19565,0
34896,0
24265,1
16689,0
20498,1
14364,0
29540,1
24844,1
22161,0
23586,1
12273,1
31843,1
30735,0
8057,1
29901,0
10167,0
29703,0
14660,0
1125,0
18289,0
30577,0
22228,0
26049,0
10093,0
6695,0
19183,1
3516,0
6589,0
5665,0
19124,1
24109,1
30457,0
15612,0
26204,1
7627,0
9527,0
31507,0
19229,0
10173,0
2636,0
29736,0
2387,0
19857,0
19511,0
29304,0
33599,1
14805,1
3701,0
3563,1
35044,1
12017,0
24293,1
10442,0
9782,0
19090,0
30497,1
28053,0
33502,0
29080,0
28758,1
33516,1
11557,0
10293,0
8771,0
22639,1
33255,1
10416,0
7937,0
19593,1
16158,1
10006,1
26209,0
30709,1
12643,0
4497,0
22220,1
6041,0
1250,1
9486,0
26699,0
35794,0
30188,1
9579,1
5162,0
9064,1
12943,0
29298,0
16502,1
17627,1
33492,0
7165,0
27274,1
2284,0
5854,0
13297,1
9177,1
7862,0
20835,0
22549,0
34973,0
6495,0
32382,0
33927,0
1109,0
5891,0
20341,0
11724,0
35572,1
24196,0
17419,0
27988,1
9142,1
11887,0
26091,1
24324,1
35710,0
33519,0
12744,1
10072,0
7244,0
6053,0
25375,0
29756,1
33974,1
16477,0
31161,0
13327,0
10154,0
5599,0
2622,0
7620,0
6952,1
21585,1
3550,1
10424,1
35347,0
3062,0
25761,0
31773,0
33322,1
24812,1
8989,1
7077,0
27191,0
21774,0
68,1
9207,1
16562,1
23506,1
6341,0
8115,0
20865,1
20090,1
6745,0
21431,1
11998,0
29530,1
2090,0
2739,0
17763,0
19212,0
7693,1
32075,0
25849,1
1969,0
7539,0
345,0
3090,0
6829,0
24638,0
30371,1
35898,0
6870,0
3283,0
24711,1
12230,0
33619,1
20710,1
13610,0
23196,0
7858,0
27451,0
25530,0
21282,1
17896,1
17216,0
17352,1
8232,0
27348,1
2596,0
33258,1
18193,0
13694,0
3139,0
19886,1
33883,0
14133,1
12903,1
31212,0
24948,1
35659,0
21193,0
31921,0
35046,0
178,1
10720,0
30819,0
13766,1
14636,1
4294,1
13259,1
27170,0
34100,0
23062,0
13938,0
8184,0
30959,0
28621,0
8255,0
15897,0
3740,0
34974,0
17698,0
2996,0
22258,0
7516,0
24116,1
32182,1
33155,0
21709,1
15601,1
26536,0
2649,0
30274,0
12362,1
20135,1
6588,0
29255,1
24584,0
26214,0
31051,0
31862,1
13130,1
12800,0
14500,0
5527,0
35141,1
27480,0
34359,0
22748,1
34170,0
1666,0
8787,0
1260,0
28664,0
555,0
18744,1
14574,0
33456,0
10688,0
7100,0
31717,0
24241,1
15280,0
24735,0
16306,0
24236,0
30214,1
20063,0
14741,1
34713,0
20468,0
24327,1
28791,0
16108,1
32358,1
23621,0
20148,1
34003,0
35775,0
5605,0
5506,0
2519,0
31333,0
12415,1
32362,0
28971,1
33577,0
30898,1
3625,0
35516,0
5370,0
1486,0
4521,0
23443,1
10904,1
16539,0
21092,0
18320,0
3138,0
15630,0
23922,0
12002,1
3666,0
12905,1
850,0
4603,0
1515,1
29090,0
33687,1
26752,0
3386,0
6730,0
34865,0
26282,0
35921,0
10509,0
3374,0
12036,1
32137,0
23949,0
26474,1
35149,0
14565,1
32093,1
15761,0
22455,1
28928,1
13315,0
32027,0
11651,0
22993,0
25805,0
30106,1
33873,0
9534,0
31209,0
20987,0
34378,1
15785,0
19762,1
28712,1
34043,1
13647,0
9968,1
4181,1
33757,0
17391,0
3233,0
31848,0
24724,0
265,0
30375,1
35027,1
2528,0
6710,0
10180,1
26994,0
5880,0
20220,1
22166,1
10835,1
17371,0
16744,0
12658,0
9607,0
26153,1
26522,1
1314,0
27501,0
14780,0
32957,0
6771,0
11867,1
25264,0
6819,1
25707,0
16404,0
19577,0
3276,0
29532,0
14203,1
5925,0
32253,1
34318,0
20652,1
2042,0
23192,1
21848,1
16935,0
23776,0
23079,1
28732,0
7298,0
2229,0
1060,0
5744,0
6465,0
3723,1
8662,0
28710,0
27392,1
13163,1
6542,0
13499,0
2865,0
31353,1
26557,0
8276,0
27232,1
36063,1
284,0
21448,1
16558,0
13693,0
21465,0
9395,1
13866,0
12708,0
9088,1
27817,0
25260,0
26116,0
7057,0
20402,1
8164,0
20558,1
50,0
15995,0
13073,1
32198,1
3209,0
30826,0
9890,1
16613,1
26577,1
3531,0
34053,0
232,1
10090,0
30547,1
9414,0
10820,0
33277,0
34484,0
32582,0
10974,0
33491,0
22767,1
28779,0
23439,0
30415,1
10041,0
4074,1
3540,0
6298,0
19607,1
25973,0
8916,0
1033,0
4728,0
10441,0
1026,1
14301,0
23263,1
33632,0
7382,0
19019,0
22031,0
6490,0
25293,0
8260,0
17349,1
33671,1
26405,0
13985,0
24310,1
2015,0
1357,0
18056,0
10019,1
13701,1
7308,0
11191,1
348,0
27937,1
30753,1
11085,1
27030,0
14894,1
27652,0
8308,0
21938,0
7344,0
29700,1
15944,0
16022,1
7701,1
2807,0
33091,0
2122,0
17839,0
11462,0
27432,0
27504,0
30119,1
1211,0
25457,0
1763,0
11843,0
343,0
29057,1
31233,1
11569,0
28540,0
2388,0
13718,0
2161,0
11705,0
30155,1
3450,0
34628,0
8386,1
1929,0
29714,1
1385,0
11479,0
25199,1
19976,1
31158,1
2841,0
3457,0
14620,0
17631,1
23902,0
10162,0
26006,1
12683,1
7240,0
18766,0
13795,1
11174,1
19700,0
15211,0
34368,0
34818,0
26770,0
22939,0
15550,0
24342,1
9266,0
33132,1
18791,1
13474,0
33576,1
33038,0
22898,0
13197,0
11817,0
19708,0
31195,0
22967,0
31361,0
33194,0
32037,0
35155,1
34795,0
4029,0
9323,1
25436,1
33579,0
8060,0
24725,1
15062,0
15656,0
31542,1
20867,1
22920,0
32826,0
16889,1
16612,0
6636,0
33166,0
2123,0
30520,0
26537,0
35632,0
27551,1
35197,0
325,1
21511,0
35509,0
19155,1
24335,0
28701,0
30956,1
12897,1
4524,0
9589,0
21550,0
31444,0
4448,0
2421,0
14091,0
32801,0
35204,1
18879,1
13226,1
6014,0
21075,0
33073,0
8333,0
2908,0
10938,1
31891,1
9016,0
11751,1
13695,1
26087,1
10458,0
1238,0
101,0
34627,0
20843,0
27952,1
12662,1
23942,0
5530,0
15912,0
23075,0
26162,1
11179,0
17187,1
18297,0
35733,1
165,1
10477,0
11160,0
12817,1
7615,0
15197,0
23665,0
25967,0
30142,0
9459,1
14439,0
30952,1
20615,1
4289,0
26329,0
11099,1
15404,1
27123,1
10109,1
33454,1
22193,0
3517,0
30267,0
9097,1
25620,1
3585,1
13142,1
10155,0
12098,0
8976,1
74,1
10179,0
3712,1
32111,1
919,0
18541,1
14757,0
19169,0
23887,0
27636,0
32227,1
12784,0
32802,1
36212,0
14979,0
20612,1
34013,1
24743,0
16412,0
9444,0
2568,0
32491,1
1097,0
23861,1
34892,0
24500,0
22420,1
28058,0
12289,0
18598,1
29128,0
13433,0
15919,0
7614,0
34535,0
8598,0
24206,1
4498,0
9649,0
22369,0
35589,0
33139,0
10385,0
13228,1
19402,1
30290,0
14582,0
24056,1
16141,1
25712,1
25197,0
32558,0
26276,1
21818,0
4890,0
6276,0
27670,0
838,0
3243,0
14820,0
19990,1
25213,0
10279,0
12454,0
34670,0
20848,0
2605,0
16122,1
32929,0
7621,1
16721,0
16603,0
2702,1
8042,0
18652,1
1590,0
24465,0
28727,0
34248,1
2285,0
19137,0
6269,0
31546,1
20594,0
34546,0
4380,0
3367,0
21103,1
1080,0
22880,1
29668,1
22869,1
33088,0
10739,0
33445,0
30561,1
18394,0
171,0
8917,0
35855,0
24361,1
14834,1
32546,0
3101,0
35059,0
3592,0
14734,0
5847,0
15981,1
17395,0
29249,1
30246,0
23171,0
1954,0
4705,0
6769,0
35522,0
4632,0
1130,0
33342,1
18556,1
31365,1
35188,0
17064,0
5450,0
3541,0
20789,0
6165,0
27940,1
15800,0
34888,0
29841,0
12280,0
5851,0
19975,0
33887,1
7923,0
822,0
17880,1
9037,0
11590,0
23193,1
23315,1
28686,1
33309,0
16525,1
19498,1
13677,1
29360,0
27975,0
12085,0
10655,1
18360,0
24606,1
3586,1
28315,0
6517,0
21663,0
6104,0
32057,1
29106,0
1719,0
17232,1
27270,1
26510,0
19678,1
25004,0
1481,1
3776,1
1734,0
19953,1
16768,0
33357,0
10203,0
16915,0
21995,1
22548,0
31079,1
3798,0
16238,0
27133,1
21537,0
32155,1
31085,0
3364,0
19843,0
24131,0
18273,0
17146,0
21840,0
2488,0
19458,1
1977,0
15854,1
33501,1
12935,1
63,1
16082,1
26593,1
32039,0
17359,1
6212,0
8588,0
8914,0
35139,0
21327,1
16389,0
20863,0
5501,0
21762,0
11385,0
11185,1
9334,1
10824,1
32143,1
24521,0
11633,0
29312,0
16950,0
28694,0
1669,0
35182,0
9718,0
22073,1
1072,0
9962,0
18063,1
16159,1
223,1
4553,0
35384,0
15963,0
26745,0
8003,1
8599,0
30601,0
20743,0
20944,0
5861,0
16041,0
35119,0
2427,0
26066,0
9436,0
12195,0
7610,0
20826,0
4528,0
236,1
35567,0
19779,0
35346,0
2732,1
12224,0
18633,1
27873,1
12025,0
24071,0
27986,1
13100,1
17969,0
10628,0
3185,0
29270,0
23751,1
4341,0
29801,0
23727,0
21486,0
4108,0
8462,0
15814,0
27016,0
7871,0
5035,0
2797,0
35882,0
34297,0
26685,1
6491,0
13518,1
27112,0
1754,0
31597,1
14901,0
6486,0
4041,1
27354,1
35616,0
7287,0
28858,1
16443,0
11504,1
23121,0
17731,0
2051,0
6299,0
28590,1
30979,1
16274,0
18747,0
2840,0
14109,0
24967,0
12192,0
16633,1
3064,0
15840,0
27230,1
21218,0
25847,0
28312,0
24,1
33040,0
18461,1
24430,0
20960,0
4364,0
15206,0
16635,0
14403,0
19907,1
28972,1
14878,0
5354,0
17396,0
32486,0
18929,1
11956,0
28108,0
6380,0
30192,1
32068,0
3658,0
33050,0
29112,0
26949,0
24120,0
19870,1
24769,1
3160,0
29403,1
7487,0
15998,1
30528,0
16536,0
34675,0
15122,1
2088,0
14597,1
7986,0
9115,1
5317,0
5898,0
20797,0
23724,1
27895,1
32829,0
28085,0
28021,1
33010,0
33422,1
30480,0
20163,0
27311,1
7808,0
11674,0
12600,0
10138,0
29565,1
14196,0
30891,0
35194,1
19203,1
35620,0
20746,0
35591,1
7444,0
7132,0
32866,0
1880,0
1308,0
23169,1
32953,0
33354,0
21734,0
13076,0
27372,0
35561,0
9829,0
4163,1
11756,1
8331,0
28914,0
21571,1
9691,1
12047,0
33145,1
6957,0
18726,0
8271,1
31279,1
11646,0
14208,0
35076,0
28546,0
27628,1
31383,0
29748,0
32034,0
20846,0
11687,0
1380,0
6438,0
7878,0
4865,0
31272,0
31692,1
12492,0
17976,0
21313,0
29186,0
1226,0
818,0
27777,0
15177,1
29345,0
15872,0
1249,0
26547,0
23935,1
9440,1
10995,1
14229,0
6965,0
32849,1
20308,0
12635,0
15879,1
4778,0
13046,0
31350,0
36257,0
22227,0
1121,0
26605,1
18423,0
20809,0
21775,0
29948,0
35419,1
35264,0
14561,0
32910,0
34876,0
19448,0
28440,1
35520,0
5832,0
16043,0
1215,0
9099,1
1595,0
33250,0
14149,1
21536,0
10205,0
5877,0
27891,1
27863,1
3631,1
8463,0
25257,0
33737,0
2834,0
18140,1
10337,1
35580,0
3635,0
32518,0
17750,0
21153,0
35084,0
34459,1
34861,0
17392,1
8786,0
4203,0
5573,0
23497,0
30499,0
19970,0
13548,0
25660,0
14701,0
32689,0
13621,0
253,1
27375,1
1330,0
7484,0
20918,1
12521,0
24840,1
9588,1
12180,0
35680,0
15534,0
11857,0
10735,0
30263,0
10354,0
26109,1
18236,1
14633,1
3159,0
14277,0
21925,0
9198,1
16416,1
5636,0
1995,0
11811,1
2900,0
23975,0
31310,0
5092,0
20127,0
3861,0
22938,0
27227,0
8458,0
2481,0
27158,0
35679,0
8143,0
32888,0
8098,0
9595,1
11546,0
30128,0
10023,0
2330,0
15738,0
14609,0
18917,1
8983,0
18569,1
33511,0
1521,0
10410,0
15300,0
29623,0
3999,1
2930,0
4831,0
10288,1
7988,0
29192,1
25641,1
2189,0
23734,1
32384,1
32874,0
5756,0
11427,0
5978,0
11745,1
6773,0
9080,1
24747,0
31377,0
24290,0
23236,0
22118,1
14764,0
35281,0
15697,1
29739,1
13505,1
8615,1
23011,0
31023,1
31687,0
18679,0
28412,1
15139,0
32532,1
35820,1
21117,1
32964,0
27562,0
2501,0
6838,0
35296,0
23017,0
34054,0
33978,0
23605,0
9866,0
25131,0
5743,0
14692,1
4747,0
18609,1
6831,0
7890,0
469,0
1583,0
26688,0
16861,0
26072,1
28828,1
14842,1
24693,0
10635,0
35838,0
4239,1
26478,0
14264,0
17287,0
19417,1
13602,1
276,1
31797,0
20142,1
32885,0
35555,0
8211,0
5440,0
15896,0
2923,0
22532,0
15637,1
14164,1
18700,0
24101,1
9884,0
12968,0
13502,0
12336,1
15744,0
19002,1
28307,0
21870,0
9864,0
6893,1
20753,1
17754,0
22832,0
25806,1
3889,0
10411,0
4346,0
26819,1
20048,1
27460,1
16577,1
2143,0
13196,0
32943,1
22943,1
29198,1
20764,0
990,0
16589,0
11037,1
28586,0
20687,0
7962,1
1518,0
21685,0
33265,0
12117,0
30465,1
35386,1
32951,1
18719,0
14629,0
18464,1
31850,1
9224,1
6821,0
6839,0
15850,1
28095,1
30377,1
15794,0
7228,0
5841,0
31271,0
32950,0
14898,1
24137,1
21424,1
35470,0
34344,0
34300,1
29153,1
2717,0
4544,0
23821,0
34918,0
12796,0
808,0
2426,0
31048,0
32845,0
17272,0
6383,0
22389,0
895,0
23480,1
14042,0
3867,1
10855,0
11621,1
22905,1
14532,1
6784,0
14119,0
34530,0
20125,0
34007,0
8751,0
24396,1
16864,0
14254,1
18739,1
22370,0
16750,1
13451,1
5085,0
30229,1
27702,0
4014,0
9499,0
6037,0
22804,0
3231,0
15213,0
18269,0
28351,0
29628,1
20021,1
9358,0
30744,1
24694,0
35784,0
10033,0
13980,1
31515,0
6261,0
35910,0
11794,0
33895,1
26663,1
19978,0
3171,0
18681,1
1580,1
25662,0
13712,1
11932,0
17834,0
21270,0
29367,1
23485,0
19785,1
26505,0
12172,1
18606,1
2673,1
29336,1
11667,0
32976,0
17710,1
13969,1
32581,0
1224,0
21858,1
35379,0
11256,0
28569,0
5988,0
22007,0
1146,0
13762,0
29194,0
22402,0
1002,0
13555,1
32999,0
19273,0
4322,0
20675,0
17248,1
32229,1
9596,0
18616,0
10523,0
8157,0
11423,0
13955,0
23973,0
13734,0
4686,0
553,1
36222,1
27669,1
11533,0
15917,1
11820,1
1016,0
2138,0
21054,0
26548,1
35918,0
29015,0
8035,0
35417,0
9874,0
4015,0
34280,0
5921,0
27116,1
6816,0
14258,0
3057,0
16233,1
16096,0
6641,0
32528,0
30749,0
29348,1
23173,1
19933,0
23125,1
19387,0
10526,1
22322,1
1061,0
10916,0
16904,1
6608,0
12923,1
35480,0
2414,1
27057,1
25565,1
30226,0
36112,0
26364,1
31190,1
23380,1
6122,0
1438,1
6828,0
23517,1
27796,0
28461,1
11348,1
33432,0
15047,0
18175,1
10770,0
27236,1
17059,1
35993,1
18460,1
27649,0
12848,0
25961,1
31751,0
25609,0
19865,0
22162,0
30279,0
32281,1
14216,1
29996,0
12609,0
14074,0
32214,1
28843,1
31004,1
31219,0
25013,0
12970,0
30917,1
31673,1
4348,0
13204,0
3834,1
5815,0
5768,0
18506,1
34355,0
3254,1
32168,1
18803,0
31587,0
15399,1
9359,0
13493,1
4982,0
30542,0
36084,0
20386,0
4830,0
32816,0
10317,1
20502,0
13077,1
21838,1
23542,0
36066,0
7683,1
11014,0
15847,0
16615,0
3668,0
35701,0
14013,0
33414,0
21449,0
4554,0
17523,0
12033,0
7972,0
33374,1
27995,1
32255,0
20219,1
12608,1
24525,1
28046,0
27811,0
4482,0
15928,0
23824,0
33629,0
30393,0
14510,0
29088,0
4549,0
32748,0
19348,0
22603,1
29091,0
806,0
29834,0
18482,1
27571,0
33314,1
1257,0
6167,0
5161,0
20928,0
21820,0
12510,1
13707,0
17002,1
12962,0
23889,1
10044,0
1366,0
283,1
27059,1
16788,0
12331,0
11957,0
11429,0
21204,0
14739,0
14051,0
23933,0
32354,1
13477,0
25259,0
21640,1
11267,0
5063,0
16661,0
18602,1
13557,1
8603,1
5021,0
26670,1
15499,0
25627,1
34553,0
24847,1
6474,0
24998,0
26018,0
13010,1
20647,0
1888,0
35984,1
7732,0
23748,0
33143,0
10108,1
22100,0
3891,0
30843,0
33307,1
25945,0
23520,0
13027,0
29311,0
25780,0
17521,1
6961,0
981,0
19559,0
11362,0
17724,0
9390,1
29396,1
9010,0
23091,1
19016,1
3141,0
2721,0
5895,0
9517,1
15862,1
17947,0
30039,1
21756,1
25489,0
3958,0
31245,0
27339,0
36132,0
12057,0
8241,0
17741,0
4453,0
15884,1
14303,1
22888,1
11177,1
13950,0
17499,0
2972,0
1031,0
7717,0
11320,0
7355,0
16905,0
7825,0
24870,1
21369,0
24480,0
12430,1
13188,1
7178,0
31553,0
8378,0
35243,0
29563,0
24867,1
25229,1
14904,1
623,1
35464,0
19471,1
16801,0
10675,0
19013,1
9252,0
10440,1
10592,0
18948,0
1288,0
35158,0
6791,0
17569,1
28997,0
8838,1
7761,0
13403,0
18250,0
9348,0
15722,1
35101,0
7016,0
19495,0
9759,0
19766,1
19745,0
34786,0
21933,1
34349,0
35804,0
11078,0
21258,0
9187,1
27503,1
15772,0
13072,0
5222,0
2950,0
16914,1
34696,0
25285,1
12952,1
4003,0
26187,0
14874,1
7207,0
34587,1
9197,0
11801,0
2597,0
2353,0
18965,0
10488,0
2361,0
15625,0
24510,0
1750,0
19797,0
18210,0
18542,1
24028,0
26919,1
33677,1
7217,1
25332,1
26102,1
13337,0
27444,1
13465,0
3627,0
6048,0
19813,0
21018,1
16773,0
34979,0
29011,0
34273,0
7061,0
22817,1
33009,0
34025,0
3119,0
32392,0
1931,0
22112,1
10728,1
7194,0
13168,0
35924,0
551,1
25235,1
3523,0
25638,0
12713,0
16336,0
23082,0
11512,0
3249,0
28479,0
28358,1
23628,0
29558,1
11452,0
22060,0
15117,1
25696,1
1970,0
28399,0
24959,0
2911,0
29517,1
17676,0
35753,1
9063,1
17205,0
29463,1
21491,0
34470,0
14436,0
24178,1
29307,1
29670,1
10278,0
23474,1
32201,1
29323,0
134,0
35440,0
10928,1
12838,1
25965,1
35880,0
29782,0
32580,0
23562,0
22897,1
465,0
30277,0
6924,0
27522,0
12690,0
33907,1
9514,0
6424,0
14003,1
36255,0
5438,0
6577,0
14583,0
141,1
34375,1
28337,1
26876,1
7081,0
14360,1
19852,0
1849,0
10515,0
7604,0
22477,0
32527,0
13161,0
14241,1
26009,1
15861,0
1626,0
2197,0
4458,0
5179,0
2343,0
19256,1
34520,0
8354,0
21264,1
439,0
27532,0
18931,1
33550,0
19173,0
23697,0
17180,0
36050,0
13840,0
8813,0
35558,0
16090,0
20632,1
15481,1
3608,0
12930,0
34545,0
23322,0
13114,0
15966,0
27884,1
23205,0
2581,0
14480,0
6692,0
16199,0
21900,0
22520,1
20890,1
35579,0
28725,1
2270,0
29995,0
15050,0
4489,0
36104,0
10872,0
12339,0
21507,1
2100,0
23382,0
16283,0
4362,0
10300,1
12704,1
27002,1
22798,1
26521,1
13970,0
21612,0
396,0
21458,0
34848,0
26455,0
20819,0
15456,0
4555,0
12941,0
19321,0
32335,0
7855,1
19449,1
31882,1
21866,0
11008,1
14530,0
6600,0
9543,1
11892,0
869,0
27825,0
22219,0
2550,0
11922,0
33634,0
27151,1
5650,0
3288,0
27883,0
1086,0
12288,1
6511,0
31683,1
31424,0
27612,0
10304,1
36163,1
3913,0
3911,0
19510,1
35508,0
29333,0
20085,0
643,0
16753,0
31721,0
7654,0
8278,0
30085,1
19144,0
15030,0
34640,0
1838,0
2029,0
20242,0
15924,0
7536,0
10848,0
35743,0
18644,1
13946,1
16067,1
5659,0
6304,0
34885,0
13235,1
32003,0
28912,1
16550,0
26327,0
19579,0
20296,1
27450,1
35907,0
7419,0
22006,0
15473,1
457,0
23778,1
10558,0
14529,0
29464,0
32215,1
34674,0
523,0
11132,1
7192,0
8538,0
32408,1
33488,1
21873,0
679,0
34784,0
481,0
20709,0
14018,0
2662,0
27510,1
19473,1
11954,1
29475,0
12503,0
3427,0
19590,0
27757,0
4243,0
22896,1
4354,0
26289,0
21072,1
26127,0
3205,0
23810,1
16349,0
20050,0
22906,1
28713,0
15013,1
16587,1
1601,0
2551,0
31434,0
28711,0
6006,0
10141,0
3601,0
18943,0
11082,1
27548,1
15875,0
34072,0
9904,0
3109,0
23662,1
25779,0
15542,0
34320,0
11361,0
9112,1
7609,0
18021,0
3800,0
33750,0
20257,0
24279,1
16745,0
11634,1
8203,0
25169,0
35618,0
25159,1
29458,0
24264,1
13195,0
448,0
22651,0
15384,1
1364,0
17663,0
27665,0
7324,0
6580,0
2505,0
32652,0
22701,0
15200,1
13172,1
32267,1
14661,0
26382,0
30783,1
6704,0
29562,0
27690,0
34517,0
13820,0
5004,0
16575,1
27732,0
35482,0
14371,1
33711,0
13200,1
31875,1
22075,1
10600,1
34734,1
10001,0
25300,1
129,0
3418,0
29508,0
33723,0
13636,0
5766,0
28580,1
26454,1
34516,0
4165,0
34869,0
32385,0
26198,1
17043,1
17358,1
33075,1
29034,0
14021,1
29355,0
32109,1
16224,0
17057,0
28566,0
34743,0
32771,0
1525,0
16205,0
18483,1
29560,1
20391,0
25566,1
2520,0
11195,1
13760,0
25995,0
1197,1
32596,0
12387,0
12594,0
17893,1
10240,0
31611,0
21509,0
12372,1
23747,1
8833,0
31074,0
32165,0
32694,1
29919,0
29443,1
8778,0
11596,1
9825,0
5751,0
4857,0
7875,0
35748,0
19017,1
32101,1
4858,0
35539,0
3263,0
24538,0
33246,0
9558,1
7810,0
12348,0
29913,0
407,1
2968,0
35843,1
36207,1
5919,0
26738,0
34570,1
23908,1
563,0
24416,0
32207,1
31357,0
31352,0
16681,0
25228,0
1117,0
23876,1
30116,1
5070,0
33148,0
22957,0
14508,0
2382,0
33042,0
12992,0
17394,1
24008,1
3019,0
23190,0
23222,1
34684,0
25953,0
13664,0
14769,0
22576,1
9828,0
23436,0
35932,0
35266,0
13751,1
16048,0
33347,0
14998,1
27859,0
27036,0
27792,0
36248,1
26783,0
31759,0
26130,0
3210,0
29133,0
22102,0
11474,0
11419,0
6598,0
11288,0
30435,1
8827,0
12766,0
33431,0
10884,0
7496,0
4732,0
20723,1
34664,0
26396,0
16797,1
13244,1
3922,0
3928,0
11228,1
23880,0
33430,1
14522,0
21265,0
4875,0
5928,0
4547,0
412,0
11675,0
19467,1
30874,0
27333,1
24991,0
15250,0
33041,0
12263,1
3806,0
9474,0
18200,0
17869,1
7640,0
7343,0
10922,0
17304,0
9169,1
2938,0
27517,0
7905,1
31737,1
12747,1
18408,0
9842,0
4209,0
35666,0
28560,1
8342,0
1664,0
550,0
30620,1
6171,0
5098,0
9327,1
18692,0
20721,1
1152,0
30297,1
11712,1
34875,0
8567,1
11925,0
33812,1
19862,0
8235,0
26058,0
11162,1
11106,0
9285,0
35696,0
6200,0
19502,1
20252,1
8772,1
30234,0
18958,0
30161,1
26171,1
18698,0
17427,0
7964,1
11851,0
16951,1
34647,0
20052,0
31669,1
23882,0
34495,0
31116,0
22725,0
5603,0
254,0
7584,0
6069,0
27422,0
16890,1
3566,0
11764,1
7765,1
3656,0
23575,0
664,0
17864,0
25080,1
21135,0
25433,0
4073,1
30096,1
16835,0
33135,0
23093,0
6024,0
7647,0
25246,1
12566,1
36044,0
27407,0
14923,0
7831,0
24550,1
35009,0
25440,0
22519,0
5221,0
26176,1
10481,1
15414,1
12655,1
4006,0
8101,1
30555,0
10390,0
26614,1
10681,0
19987,0
4232,1
12445,1
13606,0
18952,0
11144,0
33731,1
14022,0
11383,0
25996,1
35716,0
19383,0
8972,0
12869,0
28986,0
17591,1
22918,0
21370,1
30550,0
14061,1
33371,1
28652,0
2299,1
3454,0
6671,0
32063,0
25554,0
30123,1
29204,1
32978,0
5974,0
12541,0
28740,0
34707,1
3647,0
11616,0
35649,0
3963,0
24325,0
6853,0
35615,0
23723,0
1956,0
9337,0
17194,0
19065,0
6411,0
19249,1
14655,0
20954,1
21729,0
22191,1
14781,0
30830,1
12819,0
5771,0
5897,0
25502,1
35438,0
2970,0
5669,0
35213,0
31539,0
15162,0
29059,1
6008,0
9376,0
25830,0
17607,1
12946,0
13736,1
12178,0
31686,1
23124,1
770,0
28973,0
30384,1
572,0
15651,0
17361,1
2314,0
26428,0
35595,1
17074,0
18084,0
13178,0
9751,0
20607,1
18247,0
24428,0
17388,0
10639,0
25570,0
33113,0
33150,0
1488,0
29261,0
10035,0
14008,0
33486,0
4227,0
35584,1
23400,1
35189,0
21334,1
8113,0
23866,0
22814,1
15704,0
15010,0
33327,0
24552,0
1321,0
18540,0
29425,1
32490,0
15876,0
23715,0
26079,0
17745,0
33560,0
35181,0
30915,1
24392,1
28082,0
14135,1
14078,0
29480,0
31277,1
18667,0
28212,0
23650,0
16320,1
30147,0
19390,1
3768,1
8272,0
2449,0
6423,0
20620,1
12722,0
31099,1
17897,1
25702,0
19964,1
6533,0
8558,0
25670,0
20889,0
35869,0
17060,0
10677,0
9233,0
4856,0
14639,1
3351,0
2771,0
31958,0
16087,1
3076,0
31851,1
30788,0
9242,1
33377,0
10811,0
4593,0
2984,0
27853,0
30619,0
13879,1
4722,0
28102,0
646,0
7971,0
19042,1
10314,1
13822,0
15195,0
31847,1
21056,1
25994,0
24851,1
31000,0
3779,0
3409,0
25831,0
28365,0
28769,1
9101,1
3214,0
35647,0
21290,1
12115,0
1953,0
18897,1
6103,0
10736,0
13105,0
24490,1
30037,1
14151,1
28145,1
28567,1
22170,1
12127,0
35504,0
7571,0
28405,1
31254,0
18810,1
30975,1
10302,0
829,0
6646,0
2853,0
4891,0
159,1
10797,0
18982,0
1301,0
24439,1
7214,0
3801,0
8443,0
20151,1
5824,0
35571,1
22474,0
32242,1
33012,0
35224,1
17355,1
25949,1
12743,1
15262,1
10437,0
2559,0
22560,1
15591,0
16353,1
3126,0
11767,1
156,0
11217,0
591,0
21764,1
9910,1
20245,0
25955,1
22141,0
36173,0
26642,1
14268,0
26871,1
18934,0
7219,0
16703,0
18991,0
4437,0
3646,0
22133,1
28401,1
28518,1
21963,0
27189,1
19936,0
18416,0
10051,1
21841,1
7990,0
4863,1
29825,1
24055,1
317,0
33332,0
14895,0
19302,1
28506,0
1012,0
5363,0
34851,0
7251,0
26710,1
12703,0
14511,0
23447,0
25350,1
3343,0
24150,0
15512,0
9812,0
18108,1
7733,0
7561,0
25211,0
17450,0
11930,0
9740,0
22806,1
31810,0
34620,1
22321,1
24278,1
34489,0
9764,1
3489,0
8304,0
16184,0
16829,0
26673,0
7129,0
30521,0
25157,1
20979,0
22442,0
11863,0
11661,0
25923,0
3730,0
11477,0
10955,1
15453,0
5312,0
29787,0
10695,0
6778,0
17483,0
11936,0
2670,0
28280,0
8950,0
27594,1
18422,0
9024,0
22044,1
7703,0
32173,1
11526,0
14482,0
14589,0
24063,0
14389,0
15231,1
12901,0
16,1
3983,0
29119,1
28369,1
18941,0
32886,1
26273,1
24652,1
13558,0
15713,0
21580,1
234,1
23181,1
27185,0
14339,0
24456,0
14037,0
14393,0
3436,1
17989,0
15086,1
2977,0
28229,0
33304,0
32963,1
14534,0
2542,0
23438,0
2567,0
12673,0
2102,0
9153,1
7293,0
15986,0
34162,0
22721,0
13871,0
2149,0
24202,0
27842,0
24243,1
18437,1
26328,0
12210,1
34867,1
3094,0
13722,1
13169,0
1581,0
8776,0
26369,1
16094,0
6209,0
35372,0
32466,1
12101,1
1843,0
32668,0
15891,1
25877,1
511,0
522,0
9805,1
26948,0
1736,1
18734,0
31581,1
34,1
5560,0
25362,1
11467,1
32092,1
7981,0
9678,1
19644,0
2944,0
3649,1
27409,1
28873,1
10638,1
11563,0
30334,0
18689,1
423,0
4812,0
12563,0
36036,0
748,0
27434,0
682,0
31422,1
21529,0
9659,1
20536,0
25111,1
3282,0
36138,0
10875,1
27634,1
25822,0
18783,1
31565,0
29437,1
17398,0
3923,0
31203,0
18136,0
20886,0
33975,0
26472,0
11995,0
12376,0
22412,0
929,1
7727,0
18237,0
4292,0
16239,0
16966,1
4755,0
28832,0
26579,0
31160,1
31881,0
14603,0
21667,1
7872,0
31856,1
14,1
15733,0
6851,0
24487,0
18677,0
8961,0
32199,1
28347,1
31778,0
3817,1
14724,1
11545,0
891,0
927,0
3678,0
1483,0
26034,1
6317,0
16332,0
32690,0
13710,1
5020,0
32378,1
27897,0
30062,1
12407,1
35034,0
32158,0
2629,0
15841,1
16255,1
13779,1
12808,0
3545,0
3747,0
1637,0
25480,0
26429,0
35322,0
19051,0
30348,0
1768,0
4889,0
18939,0
29646,0
31585,1
30028,0
14731,0
15529,0
20836,0
34000,0
6095,0
12333,0
392,1
15533,0
1023,1
13661,0
6101,0
13232,1
24758,1
22632,1
28067,0
32028,0
29216,0
21225,1
31273,0
26184,1
9763,0
30524,1
13650,0
19922,0
27958,1
10828,0
26251,0
34663,0
784,0
1949,0
21389,0
34061,1
2735,0
1062,0
7742,0
18842,1
10673,0
1193,0
24474,0
2891,0
8790,1
25237,0
13340,0
4337,0
7036,0
18409,0
23564,1
20989,1
14296,1
27034,0
16646,0
16270,1
8139,0
12252,1
22700,0
33919,0
31865,1
11611,1
26242,0
12329,0
17461,0
43,0
7439,0
12425,0
28410,1
25373,0
14809,1
12625,0
17546,1
2107,0
10210,0
3247,0
438,1
7955,0
5976,0
24503,0
998,0
16218,0
19969,1
6096,0
19176,1
1013,0
31401,1
2232,0
7373,0
12674,0
28459,1
28423,1
30759,0
11717,1
17836,0
3786,0
24715,1
14963,0
13380,1
12546,1
11414,0
28174,0
20773,1
9536,0
18385,1
30549,1
1867,0
11630,0
32677,0
19416,1
12165,0
12818,1
31234,0
13411,0
4116,0
12497,0
30693,0
2822,0
15719,1
26386,0
35163,0
26033,0
20231,1
9679,1
29969,0
3114,0
9087,0
16163,1
2418,0
13371,0
28352,0
29874,0
30349,0
20336,0
36000,0
32001,1
35013,0
27453,0
6907,0
16059,0
21683,0
30941,0
23045,0
17943,0
15239,0
31537,0
5846,0
489,0
16659,1
21267,1
3305,1
24994,0
17761,0
5299,0
1562,0
20663,0
1258,1
11739,1
4426,0
26032,1
14807,0
19695,0
2247,1
7362,0
12055,0
10876,1
22401,1
6506,0
22183,0
19477,0
600,0
5436,0
1652,0
20684,0
14493,1
31699,1
9505,1
20017,0
1593,0
11571,0
14622,1
26460,0
28465,1
1034,0
10850,0
451,0
15425,1
35777,0
33903,0
7824,0
4810,0
15127,0
20916,0
14163,0
14992,1
25630,0
36055,1
2547,1
26424,0
10445,0
13566,1
20149,0
7163,0
10917,0
31322,1
9905,1
28861,0
11943,1
12507,0
24041,1
24543,1
34399,0
16055,0
32545,0
27998,0
25002,0
1909,0
2093,0
10347,0
22043,1
15586,0
27271,1
32927,1
22076,1
11193,1
22720,0
23209,1
7222,0
19264,0
8133,1
22929,1
27340,0
35143,0
25469,1
34346,1
35912,0
12942,0
20667,1
24820,0
32618,0
33401,0
35278,0
10810,0
9652,0
30044,1
12827,0
13741,1
10118,0
17170,1
5961,0
2507,0
18782,0
8266,1
15742,1
36205,0
1335,0
22968,1
9651,0
3692,0
36181,0
24965,1
17128,0
11432,0
2106,0
31854,1
31457,1
5707,0
30269,0
8905,0
23805,1
28980,0
28445,1
33293,1
5058,0
30574,1
9362,0
1495,0
28784,1
13763,0
20260,0
19091,1
13238,1
29577,0
2242,0
31078,0
6993,0
22843,1
30338,0
3246,0
16907,1
31533,0
3268,0
29029,0
33913,0
21033,0
28620,1
25944,0
22908,0
18811,0
33275,1
24421,0
24249,0
31592,1
368,0
11359,1
9636,0
26863,0
19108,0
30969,1
26701,0
27352,0
29598,1
35961,1
20452,1
7567,0
8842,1
15023,0
22561,1
21207,0
20874,1
9111,1
20532,0
8757,0
16869,0
20122,0
5785,0
7495,0
4154,0
24858,0
27159,0
1425,0
16737,1
12019,1
22826,1
7398,0
35651,0
10510,1
30739,1
2024,0
4961,0
22625,1
24184,0
12828,0
1360,0
34887,1
501,0
2145,0
17592,1
29576,0
12552,0
28519,0
18052,0
1261,0
11343,0
18620,1
13742,1
16778,0
36267,0
20654,1
28297,1
35010,0
10319,0
4666,0
18120,1
26246,0
23050,1
31606,1
2500,1
25463,1
9640,0
35051,0
3031,0
12580,1
32561,0
4250,1
3975,0
17780,0
11316,0
18033,1
35237,0
7435,0
31764,1
8269,0
10792,1
10271,0
31331,1
28195,1
34836,1
30538,0
24646,0
29452,0
12158,0
8524,0
19024,1
8966,0
19375,1
10466,1
17198,0
34109,0
20660,1
7230,0
35351,0
20914,1
20206,1
3950,0
28561,1
29570,0
35947,0
19190,0
18290,0
27782,0
11570,0
12413,0
27774,1
18444,1
35449,0
4866,1
5195,0
34689,0
23180,0
28585,1
22682,0
13273,1
9074,0
1479,0
23297,0
22914,1
7898,0
18095,1
252,1
20588,0
30421,1
16715,0
18331,1
27458,1
21728,1
26815,0
12712,0
25317,1
2510,0
25055,1
20431,1
33611,1
15112,1
16592,1
1657,0
24377,1
25824,0
12209,0
18169,1
28816,0
9730,0
31373,0
26784,1
17568,0
34148,0
26860,1
2198,0
2878,0
34941,1
4144,1
25547,0
1828,0
28404,1
17292,0
14729,1
28864,0
33059,0
26036,0
15923,0
12163,0
28490,1
21623,1
27473,0
22408,1
33318,0
6385,0
20535,0
16638,0
35596,0
27192,0
30926,1
18576,1
24976,0
8418,0
10388,1
21190,0
12711,1
7056,0
27222,0
3484,0
6701,0
21635,1
10853,0
33423,0
7275,0
23249,0
7147,0
29046,0
30840,1
31564,1
23725,0
5471,0
13953,0
8351,0
27944,1
15918,1
11835,1
17383,0
17411,0
30882,1
21834,1
13219,1
10498,0
31210,1
26500,1
1611,0
13845,1
28749,0
5656,0
30893,0
1620,0
22986,0
6063,0
27032,0
21662,0
4063,0
26099,0
33458,1
11980,1
13271,1
8425,0
549,1
23034,0
7993,0
35212,0
9357,0
22711,1
31828,0
10030,0
12595,0
10254,0
18192,1
28324,1
29161,1
28138,0
8370,0
25383,0
11514,1
12587,0
29537,1
759,0
32223,1
10383,0
32261,1
8748,0
235,1
2318,0
30407,0
3008,0
5190,0
28054,1
9680,0
35070,0
1578,1
18244,0
8135,0
17870,0
7097,0
29505,1
7182,0
19070,0
1692,0
24671,1
16911,1
9279,0
30418,0
2799,1
29723,0
29935,0
11538,0
5032,0
26611,0
7313,0
29873,0
28500,1
23624,0
12353,0
31387,1
4104,1
5577,0
21595,1
6964,0
2363,0
25633,0
34004,1
25905,0
3051,0
21642,0
22267,1
19995,0
17717,0
4822,0
14886,0
7152,0
34577,0
17667,1
11067,0
7359,0
18388,0
7272,0
14563,0
16993,0
8335,0
17677,0
14009,1
20309,1
13860,0
20913,1
8576,1
29176,0
3941,0
21400,0
26954,1
15972,0
1791,0
6379,0
30118,0
21044,1
26762,0
4031,1
31948,1
17778,0
26044,0
30573,0
29742,0
1512,0
1713,0
1415,0
10519,0
6686,0
4287,1
9,1
8513,0
24219,1
34074,0
16064,1
27586,0
24497,0
25181,0
32236,1
22278,0
18890,1
3169,0
20179,1
2782,0
12793,0
12540,0
32021,0
16201,0
6767,0
27233,0
36102,0
28838,1
8552,0
17217,0
4139,0
22942,1
4786,0
7554,0
7953,0
16604,1
10836,0
27362,1
34271,0
29858,0
28163,0
32818,0
2049,1
20172,0
11054,0
21371,1
2374,0
19275,0
4282,0
30140,1
29627,1
29815,0
2563,0
25912,0
5167,0
16713,1
13194,0
27813,0
33774,0
16960,0
13817,0
19811,0
26657,0
8185,0
7642,1
31428,0
15541,1
5933,0
1535,0
28910,1
30853,1
20101,0
28611,0
21546,0
20421,0
14327,1
6742,0
12532,0
18863,0
15040,1
15830,0
6761,0
26169,1
30984,1
6782,0
4252,0
16294,0
5457,0
2443,0
10565,0
2594,1
21317,0
5043,0
28427,1
6630,0
6131,0
5674,0
15717,0
24596,0
4019,0
7315,0
4040,0
11020,1
11192,1
33918,1
6234,0
14460,0
33060,0
4043,0
30115,1
19217,0
8295,0
1156,1
29947,0
24679,1
17889,0
33123,1
23795,1
11678,0
2125,0
33443,0
1244,0
5652,0
607,0
11713,1
25171,1
28871,1
3877,0
17365,0
34718,0
17092,0
33325,1
2532,0
7260,0
20742,1
19956,0
4522,0
28251,0
16948,0
32973,0
7842,0
23334,1
13818,0
9592,1
36237,1
5262,0
7276,0
15955,0
13293,0
17471,1
7452,0
28974,1
27312,1
9667,0
293,1
29784,0
9046,0
13990,0
13857,0
5144,0
3880,1
27871,1
27709,1
17041,1
32311,1
11531,0
24171,1
8297,0
8689,0
6700,0
31713,1
31025,0
35363,0
24035,0
12652,1
19504,0
20598,0
25277,1
29251,0
35284,0
28882,1
30624,0
35423,0
12095,1
26106,0
26884,0
20366,0
1154,0
20463,0
21607,0
22815,0
36031,1
34088,0
17558,0
10779,0
28222,1
2506,0
16818,1
2441,0
18838,0
16834,1
13697,1
23664,0
9394,0
6403,0
29997,1
4309,1
9245,0
5520,0
32766,0
11435,0
15602,0
4750,0
15895,0
30910,1
24415,0
33366,0
10777,0
25368,1
23687,1
10341,1
19737,1
34550,0
34002,0
35568,0
24387,0
4604,0
36067,0
22064,0
26622,1
32858,1
7472,0
3610,0
30373,0
28403,1
33085,1
25401,1
1668,0
28950,0
35397,0
16752,0
25909,0
13242,1
17206,0
18963,1
16212,1
27104,0
34194,0
20461,0
29589,0
31177,1
6485,0
9690,0
11091,0
19722,0
22837,1
35138,0
27592,0
3446,1
10859,0
32672,1
20160,0
31228,0
10409,0
11403,0
36023,1
35668,0
34400,1
16313,0
34250,0
34398,1
17127,0
15090,1
10749,0
20492,0
15051,0
30112,1
20136,0
3236,0
23116,0
17008,0
468,0
10047,0
2922,0
12261,0
14040,0
224,1
5775,0
6333,0
23276,1
27976,0
31661,0
19585,0
30935,1
13164,0
31443,1
23389,1
22808,1
21498,0
13229,0
15639,0
29653,1
6677,0
4595,0
3933,0
17189,1
25444,1
30973,1
20623,0
18932,1
13174,0
9970,1
769,0
27322,0
35168,0
34131,0
19748,0
9480,0
3534,0
19201,1
11960,1
18344,0
4787,0
11065,0
1318,0
4878,1
9684,0
16567,1
29905,0
25776,0
17445,0
4844,0
31548,0
34924,0
19469,1
16649,1
28899,1
19738,0
16609,0
24296,0
33588,0
26497,0
8221,0
8264,0
20526,1
32942,1
3915,0
8730,1
2982,0
23809,0
3657,0
24763,0
7713,0
2953,0
31441,1
18715,0
10078,0
5475,0
1975,0
33245,0
10549,0
10878,1
3584,0
29433,0
10156,0
19056,0
1607,0
13570,0
27672,0
22418,1
9269,0
26159,1
16450,0
12291,0
32783,1
17317,0
31084,1
27043,0
2099,1
26809,0
8890,0
1019,1
25732,1
10861,1
34778,0
8645,0
14824,1
9442,0
15400,1
35202,1
14377,1
13190,1
18122,0
28072,0
18452,1
12735,1
34565,0
18277,0
26791,0
24232,1
7891,0
28064,0
20388,0
14957,1
20716,1
10103,0
33590,1
10071,0
33190,1
6075,0
10325,1
910,0
26619,1
30575,0
6652,0
14201,1
34467,0
27816,0
23703,1
36038,0
20946,0
17653,0
22251,0
32163,1
34240,0
11021,1
19039,0
11639,0
18008,1
7504,1
7128,0
29424,1
33030,0
22453,1
13193,1
15378,1
33160,0
14512,0
2676,0
18691,1
33343,0
10262,1
29513,1
26878,0
19891,0
22393,0
24429,0
7220,0
30721,0
11809,0
24033,0
4645,0
23932,1
18743,0
19160,1
8401,0
30752,0
4853,0
24210,1
31396,0
24097,0
8210,0
3494,0
21262,0
4606,0
27401,1
10815,1
10394,0
168,1
20719,1
30070,0
7934,0
13591,1
29448,0
24089,1
4537,0
11182,1
3009,0
28203,0
22574,0
24507,0
3682,0
9725,0
21513,1
9767,0
27092,0
34416,0
548,0
35835,0
19290,0
9360,0
11004,0
15727,0
6080,0
19334,0
31579,0
2262,0
27225,1
13924,0
30660,0
9426,0
19434,0
15053,0
18313,0
10858,1
28387,1
14234,0
27366,1
16396,0
25625,1
11415,0
4742,0
6489,0
21096,0
30230,0
4967,0
22053,0
35999,0
12723,0
13603,0
3150,0
4657,0
22811,0
6781,0
9622,0
19409,0
27583,0
14570,0
25292,1
28548,1
18823,1
25800,1
13798,1
6454,0
31045,1
25082,0
35544,0
21101,0
6556,0
812,0
2155,0
9869,0
25158,1
19760,1
14526,0
25661,1
6891,0
35164,0
16704,0
34748,0
35619,0
22849,0
19052,1
35319,0
30940,1
25357,0
20554,1
10244,0
14776,0
4903,1
28189,0
7464,0
16650,0
20297,0
31150,0
12915,1
29688,0
30570,1
28934,0
33216,0
32755,0
1572,0
21378,0
18146,1
28009,1
32310,1
23651,0
28689,1
4935,1
15111,0
34139,0
9484,0
20883,1
30842,0
30704,1
25142,1
26468,0
1447,0
30221,1
29305,0
7143,0
4356,0
11617,0
8802,0
4943,0
29893,0
16511,0
6708,0
2535,0
32248,0
30895,1
28960,0
6777,0
34769,0
6667,0
10377,0
21846,0
34523,1
20852,0
14831,1
1613,0
22034,1
28140,0
29547,1
4386,0
31485,1
29402,1
27738,1
18233,1
3327,0
33272,0
30216,1
15885,0
26475,0
19189,1
22332,1
14373,0
30038,1
918,0
19503,0
29378,1
20428,1
25843,0
29659,1
33083,1
29512,1
2062,0
26483,0
3010,0
6337,0
31094,0
35297,0
32319,1
3293,0
2455,0
5551,1
8774,0
25903,1
14504,1
25206,0
13511,0
28907,1
649,1
15088,0
9909,0
1177,0
34796,0
2036,0
22039,0
13581,1
13915,0
23695,0
11897,1
4627,0
23413,1
4079,1
4274,0
8770,0
13576,0
31109,0
12008,1
18439,1
15435,1
7914,0
30666,0
18252,0
20424,0
31071,1
1077,0
15869,1
34927,0
1110,1
7710,0
28079,0
16938,0
13595,0
24643,0
4384,0
29638,1
20868,0
8431,0
5016,0
23685,0
8801,0
12851,0
30514,1
6112,0
17692,0
8945,0
1289,0
8414,0
14651,0
34479,0
8094,0
35718,0
5318,0
27780,0
16406,0
15074,0
2066,0
2192,1
34468,1
13198,1
1300,0
25770,0
11483,0
16546,0
10234,1
35966,0
17265,0
25098,1
33546,0
21147,0
17320,1
1240,0
23142,0
17048,0
22745,0
32216,0
5989,0
8579,0
28591,1
25219,1
24601,1
11313,1
33095,0
28462,0
8283,0
30114,0
27914,1
31861,1
1877,0
14507,0
33823,0
20952,1
136,0
5206,0
29976,0
10862,0
20822,0
6345,0
6985,0
27033,1
9260,0
32116,0
34785,0
2946,0
23145,1
23066,0
29076,1
6591,0
12360,0
12589,1
23266,0
16474,1
16372,0
10003,0
11694,0
11488,1
33786,1
18693,0
7253,0
31337,1
28909,1
25612,1
23049,0
33021,0
34395,1
10459,1
10137,0
15839,0
20210,1
12721,0
7076,0
6028,0
18706,1
10596,0
20175,1
640,0
35486,0
23219,1
25778,0
13177,0
10511,0
3901,0
4958,0
12675,0
26167,1
22988,1
33788,0
30621,1
2813,0
31285,0
26977,0
20967,0
27157,1
1096,0
15706,0
18307,0
10967,0
7655,0
5814,0
24619,1
22339,0
12494,1
23936,0
29541,1
17699,1
8087,0
24979,0
27601,0
11798,1
34366,0
27015,1
20706,1
19263,1
28442,0
33435,1
5003,0
17171,0
29211,1
6369,0
16695,0
2017,1
18441,0
24291,1
3322,0
11803,0
10467,0
31869,1
7958,0
17442,1
6130,0
30201,1
31305,1
28124,1
2208,0
5329,0
33156,0
9065,1
22731,1
14768,0
10564,0
4702,0
5583,0
1271,1
25666,1
27211,1
17113,1
16432,0
1168,1
12760,0
2413,0
3312,0
6716,0
1946,0
27001,1
28592,0
4548,0
25085,1
4314,0
3045,0
9265,0
24843,0
6780,0
7911,0
12544,0
33498,0
14566,1
35102,0
27254,1
8061,1
8846,0
1743,0
16593,1
7837,0
18474,1
3125,0
411,0
504,0
19080,1
29289,0
11583,0
1454,0
14600,1
10566,1
28226,1
21380,0
10754,0
27973,1
6650,0
28339,1
25382,0
7339,0
2554,0
10766,0
6033,0
8940,0
14941,0
30408,1
25816,0
13285,1
12678,1
36155,0
13382,0
22091,1
21020,1
13225,1
5272,0
14684,0
29619,1
32788,0
27646,0
11782,0
3349,0
6277,0
19204,1
9706,0
17136,0
19123,1
9617,0
12358,0
471,0
28101,0
13335,0
27954,1
14187,1
12990,0
34879,0
31906,0
23870,1
31837,0
31256,0
1302,0
8019,1
12181,0
12529,1
5827,0
530,0
32464,0
2256,0
35456,0
33548,0
1980,0
7191,0
31154,1
19571,0
22872,1
11471,1
26436,1
10796,0
31067,0
11038,1
1730,0
36191,1
893,0
14287,0
22609,1
30197,0
18680,0
2007,0
35239,0
35684,0
22518,0
16823,1
21194,0
31262,1
15834,0
13354,0
23801,1
26476,0
3849,0
29415,0
6557,0
36227,1
27763,1
313,1
28262,1
6331,0
29189,1
973,0
17817,1
17099,0
33282,0
11573,1
33607,0
9468,1
26229,0
5345,0
21078,0
17525,0
1808,0
30285,1
6081,0
15276,0
13988,1
21185,0
1388,0
18945,1
8675,0
10642,0
23660,1
35207,0
30948,0
8499,0
16322,1
2292,0
34910,0
30098,0
22687,1
27725,1
9903,0
1099,0
4720,0
3421,0
9795,0
12591,0
30462,0
36124,0
28920,1
32636,0
615,0
3,1
16161,1
21976,0
22294,0
2373,0
738,0
2590,0
10465,0
27826,0
13908,0
4792,0
18557,0
29786,0
10404,1
31753,1
33549,0
8633,0
15154,1
10656,0
24431,0
13078,0
4752,0
34899,0
29661,1
11147,1
16923,0
14376,1
22478,1
31215,0
3778,0
10842,1
11710,0
21559,0
776,0
10947,0
26349,1
23780,0
23539,0
33544,0
3744,0
5114,0
27482,1
16747,0
10521,0
17168,0
29177,1
8758,0
29839,0
20924,0
32870,0
3949,0
9274,0
20306,0
28443,1
20230,1
1126,0
26068,0
34261,0
580,0
19025,0
28120,1
10585,1
23871,0
8392,0
7866,0
30608,0
36092,0
31809,1
34758,1
7431,0
23013,0
7910,0
15747,1
30991,1
17578,1
16606,0
34167,0
8826,0
25856,1
6125,0
12046,0
20445,0
25993,1
36140,0
23073,0
17707,0
12764,0
19152,1
15680,0
24305,0
14943,0
20282,0
27338,1
30556,1
10024,1
35129,0
9406,0
6689,0
5649,1
30053,0
26856,1
20074,0
11326,0
10252,0
25091,1
26054,0
18070,0
7841,0
7680,0
5398,0
2828,0
14058,1
5104,0
32294,1
10287,0
6656,0
32443,1
14750,0
12199,1
14155,0
3857,0
278,1
739,0
18323,0
21871,1
8734,0
21026,0
2168,0
14463,0
18632,1
33151,0
21811,0
31236,0
19948,0
13814,0
4439,0
28571,1
6734,0
2710,1
25490,1
8658,0
25938,0
4478,0
20523,0
19570,0
23239,1
30580,0
16444,0
29679,1
2881,0
1322,0
4233,1
35421,0
477,0
16330,0
25727,1
34176,0
13884,0
35314,0
17293,1
16381,0
32882,0
27916,0
7084,0
21438,1
36184,0
5001,0
27388,0
17746,1
6789,0
20133,0
10256,0
10320,0
7629,0
22894,0
29808,0
33901,0
8648,0
23403,1
9861,0
852,0
21116,0
13912,0
32328,1
25023,1
11862,0
14032,1
35081,0
12668,0
6388,0
29365,0
19223,0
25684,0
19619,0
10451,0
8899,0
25634,0
7687,1
23434,0
30868,1
11913,0
1690,0
3513,0
32601,0
12989,1
18614,0
995,1
18424,0
35273,0
29444,1
5429,0
22563,0
21971,0
17691,0
35173,0
13554,0
16071,1
35834,0
3697,0
23822,0
5834,0
30041,1
11166,1
570,0
15922,0
28269,1
35889,0
33429,1
26777,1
1309,0
17793,0
26661,1
18471,1
29162,1
2779,0
24051,0
6198,0
5542,0
5215,0
21343,0
33608,1
10251,0
27694,0
21518,0
19904,0
4238,0
2279,0
878,0
31039,1
3281,0
5651,0
17511,1
792,0
20621,0
21201,1
986,0
11780,1
16008,1
28773,1
11859,1
15240,0
16451,1
13743,1
35087,1
9841,0
31777,1
12243,0
33355,0
12125,0
23966,0
11561,0
34114,0
2451,0
21653,0
12895,1
27656,0
34976,0
16573,0
18096,1
22608,1
22972,1
3497,0
24340,1
27827,1
9418,1
29802,0
26707,0
1825,0
9582,0
17533,0
25000,1
36135,0
30812,0
16247,0
21821,1
24388,0
3413,1
10,1
33768,0
11425,1
2265,1
28527,0
21979,0
16608,0
7750,0
22123,0
21064,1
19374,1
32067,0
2564,0
1352,0
19047,1
25316,0
2375,0
19191,1
21877,1
22743,0
25472,0
250,1
21892,1
12746,0
1901,0
1635,0
16553,0
6226,0
7565,0
13306,1
34193,1
28952,1
4241,0
23471,0
24542,0
6218,0
34939,0
1088,0
11677,0
27087,1
21027,1
6768,0
4130,0
576,0
14594,0
24537,0
30165,0
20434,1
29036,0
18414,0
15001,0
4678,0
24674,0
6528,0
19293,0
21338,1
5076,0
9755,1
13652,0
11838,0
14864,1
17840,0
4058,0
15960,0
19205,0
338,0
22755,0
31096,0
7463,0
31010,1
32441,1
5301,1
31799,0
18295,0
4650,0
34558,0
21863,1
18382,0
13399,0
5985,0
9512,1
31880,1
28931,0
31583,1
844,0
16727,0
7926,0
383,0
33269,0
34621,0
1893,0
21084,1
12143,0
36114,1
28066,0
9847,0
23036,0
30292,0
25251,0
33780,0
20718,0
7082,0
19102,0
17804,0
28962,0
34936,0
5159,0
34622,0
10658,0
13270,1
24425,1
28703,0
1277,1
19106,0
16101,1
14047,0
19045,1
14552,0
33074,0
23657,0
21616,0
11606,0
8859,0
4128,1
6364,0
20751,1
10357,0
25406,0
14610,0
23508,0
166,1
10221,0
24426,1
15901,1
3727,1
7294,1
3537,0
20061,0
24746,1
25222,0
27118,0
10194,0
27680,0
25709,0
35517,1
24892,1
15657,0
17386,0
24119,1
23544,0
2789,1
24287,0
21960,0
21191,1
7379,0
1926,0
10666,1
3016,0
31682,0
10950,0
19392,0
14467,0
14048,0
16341,1
18321,0
8399,1
33056,0
8301,0
7083,0
8893,0
1776,0
33839,0
22151,0
32723,0
7823,0
13304,0
14016,0
30181,0
5875,0
28421,1
4284,0
2720,0
6878,0
17749,0
12044,1
18551,1
23963,1
30302,1
23230,0
24164,0
12577,0
19241,0
18555,1
30584,0
4641,0
3381,0
9105,1
7764,0
26570,1
20430,0
26020,0
34076,1
33805,1
10598,0
33393,0
14465,0
1894,0
29726,1
13569,0
32273,1
25217,1
29007,1
25018,1
12278,1
33884,0
3081,0
5102,0
21206,0
146,0
4672,0
31990,1
18817,0
26931,1
32424,1
15732,0
16123,0
16164,1
6869,1
587,0
15397,0
35295,1
22607,1
13231,1
25587,1
19893,1
3846,0
33684,0
12366,0
24153,0
25784,1
6461,0
14513,0
24577,0
27108,1
32890,0
33947,1
2264,0
7588,1
30833,1
17584,0
19920,1
6772,0
26334,0
30126,1
19836,1
12836,1
8609,0
22026,0
18012,0
28786,1
28346,1
2221,0
34426,0
105,0
33093,0
1348,0
20713,1
1654,0
35472,0
13699,1
35220,1
33535,1
20821,0
8792,0
31366,1
13727,1
28335,0
11442,0
26572,1
9216,1
18413,1
19319,1
12474,1
29963,0
14851,1
35548,0
17430,0
34160,0
25266,1
27449,1
5087,0
18670,0
5906,0
20168,1
17191,0
35111,0
33107,0
7669,0
23083,1
25723,0
2655,0
32089,0
16561,0
30293,0
14631,0
32792,0
16728,1
36121,0
25021,1
31191,0
27264,0
560,1
13288,1
17955,0
12814,1
14619,0
24698,1
17784,0
20284,1
24356,1
20757,0
35790,1
24624,0
32944,0
3347,0
12538,0
10524,0
5950,0
2531,0
10429,1
13252,1
8864,1
27095,0
11796,0
10350,1
8900,0
26495,1
15837,0
10661,0
24883,0
18915,1
31870,1
4220,1
28594,0
23046,0
26746,0
9797,0
15309,0
29718,1
3363,1
18517,1
15699,0
20712,1
30763,0
24346,0
26426,0
10060,0
14726,0
27549,0
35028,0
32426,0
13097,1
14666,1
16447,0
35348,1
11197,0
2436,0
5558,0
33642,1
35682,0
12526,0
31681,0
18174,1
1272,0
45,0
6568,0
29241,1
1851,0
29828,0
21994,0
3716,0
16514,1
30581,1
17094,0
12617,1
26920,0
10924,1
15660,0
12888,0
14124,0
25014,0
29804,0
4370,0
21669,0
30477,0
35864,0
31926,1
10448,0
20480,0
29124,0
31586,0
11505,0
18173,1
32367,0
12326,0
34356,1
32530,1
26186,1
17515,1
30659,1
29697,1
1699,1
19308,0
32992,0
9011,0
26156,1
31408,0
20360,1
20501,0
370,1
25595,0
13089,0
18051,0
24020,0
3667,0
976,1
7448,0
903,0
4566,0
2126,0
14623,0
11198,0
16559,0
35551,0
7040,0
702,0
21819,1
3468,0
5381,0
24321,1
21382,0
487,0
9110,1
19875,0
33351,1
10091,0
12751,1
2224,0
162,0
29082,0
26394,0
29696,1
420,0
24520,0
4735,0
12119,0
19424,0
35983,0
6776,0
15619,0
5679,0
12603,1
23290,0
26854,0
20397,0
32228,1
4694,0
18078,0
9227,0
1143,0
18586,1
3683,1
18043,1
6362,0
29077,0
28804,0
22168,0
18513,0
29382,0
28723,0
16626,0
32525,0
6280,0
5971,0
17764,0
6476,0
13753,1
14095,0
25690,0
33057,0
31053,0
28041,1
9639,0
12661,1
23807,0
17308,0
11150,1
8610,0
24022,0
3195,0
17014,1
700,0
30723,1
35705,1
3652,0
17268,1
15260,0
30264,1
6098,0
7519,0
19444,1
13355,1
12719,1
256,1
3542,0
31063,0
21085,0
31726,1
28186,1
556,0
18417,0
26017,1
25685,0
14173,0
30055,1
29618,1
30300,0
7437,0
27282,1
11534,0
2668,0
4894,0
9498,1
16673,0
34438,1
35042,0
16909,1
4773,0
12452,0
3238,1
35383,0
17767,0
19456,0
23635,0
19771,1
25341,0
29779,1
29745,1
34244,1
32908,0
9854,0
725,1
10800,0
9757,0
7783,0
5284,0
7899,0
34296,0
27596,0
34491,0
8884,1
33953,0
337,0
13546,1
25568,0
11130,0
32641,0
3659,0
11090,1
25888,1
29208,0
27489,0
8244,0
2011,1
6659,0
26441,0
35540,1
19330,0
24523,0
14787,0
24375,1
730,0
22855,0
5022,0
18257,0
28131,0
22132,1
23014,1
32428,0
33781,0
11750,0
21679,1
11114,0
25920,0
20585,0
1514,0
18973,1
12528,1
28870,0
107,0
991,1
23826,1
28662,1
3136,0
9286,0
2667,0
7295,0
14715,0
4205,0
29497,0
4734,1
8979,1
31627,1
21842,0
8469,0
19890,0
4480,0
15991,0
33466,1
30144,1
16986,0
11544,0
28279,1
12902,0
26989,1
11900,0
18611,1
22464,0
2788,0
30315,0
34389,0
30507,0
35090,0
29256,0
27310,1
10723,0
34332,0
3841,0
17927,1
3936,0
10026,0
15810,0
1745,0
24317,1
17135,1
30282,1
32363,1
1430,0
16384,0
29321,0
15585,1
26119,1
31406,1
11708,0
964,0
6795,0
33552,1
28029,1
4829,0
14954,1
20188,0
22626,1
29042,0
22319,1
25360,0
15032,0
10479,1
7925,1
24810,0
14281,1
13943,0
8742,0
2319,0
20990,0
697,0
15247,1
19288,1
23868,1
15942,1
23126,1
9405,1
25308,0
17545,0
14082,0
7420,0
30060,1
21760,0
15826,1
13336,0
1376,0
25745,1
29461,1
34602,0
18724,1
4198,1
4782,0
17855,0
12380,0
5332,0
18771,1
11665,0
21985,0
25028,1
33482,0
15798,0
27329,0
24772,1
5205,0
4601,0
30849,0
22550,0
23764,1
34596,0
26412,0
31924,0
27304,1
1918,0
10952,1
4191,1
13628,0
913,0
19182,0
4061,0
6620,0
21070,0
8798,0
14428,0
18493,1
14129,0
16088,1
1686,0
18071,0
5850,0
33170,0
13571,1
22387,1
594,0
26277,0
22014,1
23015,1
33244,0
18403,0
25874,0
34690,0
17158,0
8987,0
11929,0
14550,0
32235,1
7537,0
32348,1
35260,0
35692,0
27408,0
30404,1
10744,1
20593,1
25706,0
9701,0
7105,0
34259,0
34103,0
13599,0
32105,0
31325,1
722,0
23600,1
16177,0
26337,0
12771,1
25275,0
24849,1
12254,0
22537,1
3067,0
32793,0
6683,0
11045,0
20335,0
28648,1
36106,0
23696,1
18054,1
5620,0
21395,0
4454,0
6219,0
4149,1
18113,1
16399,0
6237,0
27959,0
23035,0
35382,0
1113,1
16440,0
8936,0
20331,1
4213,1
1142,0
10243,1
27775,0
1493,0
4018,0
2158,0
8002,1
25198,0
17264,0
34430,0
15350,1
11402,0
8925,0
12754,1
32547,1
9695,0
12467,1
26005,1
8895,0
32125,0
23864,1
25253,0
20239,0
18707,0
589,0
5378,0
6191,0
2,1
3087,0
21732,1
2833,0
34886,0
27903,1
24458,0
30720,1
17144,1
32924,0
13538,1
9709,1
3102,0
33904,0
17845,0
35815,1
9708,0
8144,0
13448,0
7798,0
7000,0
12153,0
5625,0
30042,0
22245,1
15547,0
5535,0
14711,1
14810,0
28756,1
943,1
3826,1
8117,0
10134,1
23105,0
20644,1
17061,1
30256,1
26923,1
36053,0
11214,1
13429,0
16210,0
16723,0
14231,1
12850,1
8130,0
14066,0
7840,0
11369,0
20919,1
4350,0
34215,0
29950,1
31897,1
15358,1
14365,0
35221,0
17713,1
32979,0
17111,0
13021,0
35711,0
19004,0
9355,1
30493,1
27587,0
18545,1
10345,0
34158,0
30677,0
34765,0
6660,0
30684,0
2188,0
18603,0
28219,1
980,0
4056,1
19342,0
4679,0
6254,0
16001,0
281,1
726,0
24974,1
21737,1
5177,0
4612,0
34150,0
26370,1
3348,0
3903,0
31983,1
16000,1
27370,0
10077,0
35498,0
12063,0
14390,0
21757,1
4823,0
8438,0
14372,0
2477,0
30645,0
666,0
5243,0
11036,1
34815,0
22371,0
15419,0
30568,0
29894,0
18994,1
13135,0
35170,1
20659,1
6790,0
31349,1
5390,0
11175,1
2344,0
13782,1
6855,0
24434,0
14104,0
18017,1
470,1
31393,0
7015,0
16628,0
32302,1
11184,0
21002,0
11567,0
29881,0
7002,0
19007,0
14793,0
13828,1
5763,0
2157,0
8728,1
23381,1
18255,0
12882,1
21867,0
3357,0
34015,1
30515,1
2203,0
1976,0
21660,1
27129,0
4664,0
22106,1
24347,0
14356,1
15577,0
24333,1
16957,0
17983,0
3149,0
34532,0
19244,0
15624,0
19560,0
31590,1
31364,0
15838,0
10478,0
14113,0
31425,1
1137,0
4586,0
10992,1
23101,0
11286,0
9210,1
18920,0
8059,0
34988,0
19180,0
31258,1
29498,0
1540,1
31832,0
14111,0
2817,0
34716,0
30248,1
27815,1
19527,1
34461,0
23512,1
27343,0
34586,0
6203,0
30430,1
27101,0
1990,0
33756,0
848,0
9131,1
5706,0
24091,0
20871,0
1905,0
10461,0
2342,0
28482,1
31250,1
9749,0
13381,1
9801,0
1237,0
3960,0
17560,1
2635,0
4109,0
34499,1
23397,1
20679,0
17177,1
9538,0
34964,0
35481,1
11599,0
34687,0
10771,0
3791,0
17886,0
14720,0
33951,1
19804,0
696,1
1821,1
17638,0
24093,1
16931,0
6918,0
22504,0
14316,0
10787,0
29928,0
28182,1
8070,0
12219,0
19031,0
7861,0
31719,1
10646,0
2604,0
25558,0
20622,0
19419,1
23894,1
25735,0
24622,0
17961,1
10682,0
35569,0
7815,0
33714,1
10550,0
8022,1
12863,0
14115,0
14850,0
8182,0
11289,0
25093,1
2331,0
34884,1
32412,0
17733,0
24824,0
8969,0
18523,1
442,0
6356,0
7679,1
18858,0
207,1
18998,0
11105,1
27190,0
34677,0
35722,1
20105,0
7364,0
17797,0
24125,1
23979,0
9768,0
28782,1
30758,0
6409,0
12499,1
11318,1
21261,1
32212,1
27134,0
14087,0
24701,1
22655,1
28257,1
7690,1
18202,0
7785,0
19057,0
22257,0
5133,1
23204,0
5026,0
2882,0
7590,0
21749,0
26628,1
1883,0
28936,0
32194,1
29287,0
31935,1
4673,0
20521,1
22158,0
23658,1
28778,0
13673,0
6244,0
32776,0
21708,0
32552,0
22946,1
7883,1
3934,0
18397,0
18884,0
15454,0
27536,1
33988,0
18404,0
7818,0
35612,0
27611,1
32753,0
7595,0
10998,0
35628,0
19277,0
15553,1
33096,0
6847,0
9353,0
23153,0
20923,0
9911,0
33956,1
17163,1
33743,0
20729,0
5844,0
22033,0
257,0
2047,0
15561,0
5719,0
19898,1
5487,0
16665,0
339,1
28384,1
10698,1
9516,0
13088,1
6857,0
3291,0
31805,0
13326,1
3257,0
23408,0
789,0
14370,0
5232,0
15975,0
34831,0
7929,1
27249,0
18372,1
767,0
6207,0
33600,0
15621,1
7037,0
23287,0
32051,1
29954,0
23560,0
30814,1
6153,0
14835,1
13152,0
16126,0
8967,0
3906,0
24389,0
17012,0
31516,0
35132,0
16235,0
17241,1
7782,0
4151,1
24709,0
19878,1
23368,1
29284,1
16128,1
6141,0
25090,1
27357,0
26469,0
31750,0
20192,1
15506,0
26634,1
22544,1
7375,0
20240,0
898,0
27257,1
2634,0
25441,0
8965,0
5276,0
22583,1
13522,0
33219,0
32538,0
950,0
7658,0
8009,0
36213,0
22629,0
19674,0
16390,1
12973,0
10807,0
34774,0
27004,1
24452,0
12037,0
25749,1
16555,1
16560,1
6238,0
30913,1
4081,0
21367,0
29179,0
1313,1
4190,0
26146,1
26453,0
12340,0
19894,0
436,0
17846,0
28202,0
33186,0
11330,0
28036,0
7581,0
21548,0
28496,1
13965,1
19768,0
1557,0
7,1
29135,0
11905,0
9384,1
3873,0
7716,1
34040,0
4171,0
1298,1
26574,0
17988,1
16272,0
4464,0
29972,0
13341,1
547,1
27031,0
7318,0
922,0
32151,0
19407,1
25498,0
21553,0
20820,1
8437,0
29315,0
28113,0
33081,0
11248,0
2860,1
26012,1
35269,0
35920,0
16743,0
27799,0
19187,0
8303,0
23741,0
11048,1
3113,1
24807,0
22177,1
23527,1
36033,0
33026,1
35131,0
18353,0
12282,0
13783,0
5792,0
5447,0
35116,0
16135,1
5816,0
29294,0
35277,0
27783,0
9095,1
16013,1
34302,1
4082,0
10759,0
9492,0
14765,1
1307,1
28878,1
31950,1
15741,0
4340,0
4901,0
29205,0
33826,0
24689,1
10299,0
33403,1
13033,0
28697,0
20759,0
5217,1
21908,1
26057,0
24026,1
17728,0
27710,1
12527,0
2297,0
4815,0
24408,0
24657,0
6691,0
6643,0
33623,1
29044,0
21853,0
22325,1
29992,0
20069,1
26385,0
18166,1
36039,0
7062,0
20760,1
23616,0
23691,1
3828,0
19991,1
13017,0
29,0
34951,0
28258,1
7521,0
30557,1
28851,1
34613,1
32333,1
31062,0
12000,1
13002,0
31638,0
28626,0
19892,1
5261,0
21805,1
25880,1
14019,0
31596,0
31992,1
13523,1
13705,1
10594,1
2493,0
30241,1
20385,0
17524,0
19171,0
3445,0
12072,1
16857,0
14733,1
1001,0
30971,1
13542,1
8669,0
27316,1
19703,1
21516,0
11356,0
19702,1
213,0
32706,0
34854,0
1782,0
4271,1
15964,1
8032,1
15144,0
20929,1
19213,0
14394,1
28596,0
19363,1
20035,1
31676,0
23925,0
2652,0
21184,0
8384,0
17956,0
25966,0
16337,0
19386,0
27335,0
16832,1
182,1
12811,1
32510,0
13880,0
14262,1
34902,0
25358,1
12399,0
31289,0
21684,0
23463,1
31320,1
15677,0
8796,0
8377,0
13482,0
8171,1
6030,0
32835,0
32813,1
1189,1
10136,0
24788,1
2783,1
21301,1
35342,0
36086,1
790,0
11070,1
35715,1
33777,0
24094,1
11635,1
28213,0
24706,1
25448,1
21046,0
1296,0
22054,1
7415,0
32914,0
29326,1
6815,0
7401,0
695,0
35941,0
28748,0
32044,1
17518,0
13600,1
29253,0
35210,0
13540,1
31760,0
9947,0
5373,0
13905,0
16448,0
17719,0
7239,0
28917,1
17878,0
11437,0
1962,1
5578,0
6976,0
12623,0
22795,1
11481,1
18101,0
10557,0
11075,1
14875,1
26807,0
4771,0
35583,0
9104,1
27527,1
5567,0
3777,0
14690,1
15511,1
5662,0
23165,0
495,0
17657,0
29103,0
32468,1
13430,0
3402,0
7522,0
15849,0
8289,0
8328,0
10734,1
6561,0
3474,0
36256,0
1769,0
35171,1
167,1
20605,0
14578,1
11975,0
11151,1
13322,0
7919,0
13413,0
17120,0
19863,0
3428,0
11417,0
10142,1
26301,0
7974,0
35274,0
21394,0
9447,1
15502,0
24143,0
24066,0
20268,1
7123,0
1704,0
27050,1
10817,1
14817,1
11915,0
14662,1
11718,1
12075,1
4711,0
6645,0
19242,1
18007,0
35308,0
33797,0
15243,0
16331,0
35771,0
23272,0
4986,0
20758,0
21670,1
20034,0
32925,0
29939,0
2273,1
1753,1
19632,0
24221,1
16241,0
11679,0
5550,0
22008,0
10235,1
27933,0
19902,0
5619,0
18072,1
25720,0
29429,0
27849,0
32940,0
23273,1
1069,0
29612,1
30211,1
18206,0
24151,0
2045,0
21379,1
19775,1
8410,1
1812,0
10874,0
26646,1
1367,0
11232,0
26129,0
4395,1
15463,0
6187,0
31301,1
16690,0
25389,0
20909,0
380,0
10554,0
27494,1
10965,0
2858,1
15244,0
14141,0
6747,0
32896,0
15967,1
26790,0
11886,1
28004,1
25388,0
22173,0
10619,0
20117,0
23392,0
5340,0
18391,0
5226,0
3660,0
35536,0
4166,0
21260,0
8688,0
12820,0
7328,0
4804,0
2200,0
9928,0
20568,1
5462,0
33029,0
3521,0
3319,0
19365,0
16429,0
24751,0
28397,1
30571,1
5411,0
20625,1
7509,0
13393,0
12325,1
22254,0
2407,0
24733,1
12802,0
4469,0
32096,1
17073,0
31398,0
21936,0
33663,0
19845,0
33920,1
1784,1
28559,1
9322,1
26984,0
14921,0
22765,1
6050,0
25663,0
3066,0
36209,0
35152,1
16977,1
28802,0
12667,1
9952,0
31696,0
23678,1
21347,0
24328,0
16483,0
12759,0
34028,1
9697,0
24269,0
1603,1
34058,0
33375,0
35303,0
28008,1
427,0
11994,1
13494,0
19069,0
21937,0
14852,0
28319,1
30803,1
21815,0
6765,0
29876,0
23796,0
20029,0
19353,1
19267,0
22624,1
3606,0
31812,0
20169,0
35167,0
18767,0
4688,0
3392,0
24152,0
24167,0
6336,0
8006,0
13913,0
35242,0
33707,0
21242,1
15562,0
34254,0
30151,1
6664,0
27889,1
9857,0
3272,0
6622,0
10493,1
10400,0
27130,1
20619,1
1567,0
27415,1
4849,0
17948,0
12176,0
21572,0
18704,0
24030,1
35786,1
1680,0
33222,0
2081,1
23976,0
10214,0
33514,0
5,1
36006,0
30127,0
4980,0
24194,1
18470,1
33346,0
6913,0
6055,0
10997,1
23390,0
16867,0
16131,0
18953,1
36241,1
6524,0
27658,1
29363,0
19361,1
26133,0
28033,1
23291,0
22780,0
25442,0
18410,0
18565,0
14471,1
28267,0
12647,1
6837,1
17049,1
30249,0
25802,1
28837,0
32540,0
35903,0
3704,0
21888,0
9851,0
11758,0
16777,0
17765,0
25137,0
31534,0
30970,0
9148,1
34834,0
5183,0
23556,0
35582,0
17874,0
17816,0
22992,1
12614,1
15067,0
12068,1
11581,0
24640,1
11241,1
31769,1
34500,0
19291,0
33890,1
227,1
11513,0
26800,1
34465,0
4293,1
10239,0
16470,1
7125,0
25062,1
17447,0
3713,1
9681,0
28581,1
23201,0
11097,0
11475,0
24547,0
35285,0
18451,1
9594,0
185,1
1186,0
31037,1
26125,1
31278,1
33531,0
8246,0
26905,1
10931,0
30700,1
6900,1
4206,1
13564,1
33645,0
22200,1
31666,1
31943,0
21273,0
25423,0
19369,0
5901,0
27426,0
26512,1
1223,0
30262,0
22262,0
4070,1
16186,0
7154,0
24517,0
19136,0
16118,0
24084,0
25220,0
18359,0
2993,0
18799,0
24512,0
13213,0
9748,0
15004,0
2921,0
2638,0
5678,0
16982,0
13765,1
34190,0
28781,1
34331,0
11948,0
6160,0
35378,0
25703,1
20894,0
33191,0
243,1
26131,0
9692,0
10890,0
9791,0
27622,1
4532,0
18,1
4111,1
18341,0
35988,0
26319,0
32249,0
18658,1
4481,0
22357,1
13909,1
16187,0
1368,0
31260,1
11649,1
32118,1
25711,1
7211,0
4268,0
17378,0
10839,1
11799,0
26330,0
30093,0
33734,1
12769,1
22685,1
11158,1
31124,0
25929,1
24098,0
34057,0
27724,1
3703,1
19115,1
27723,1
26030,0
23588,1
13972,1
33173,0
9734,0
18788,1
9287,0
28088,1
452,0
28238,1
29682,1
20549,1
2765,0
25747,0
3453,0
10163,0
20672,1
32074,1
31318,0
18571,0
5061,0
25479,0
14783,0
26486,0
14866,1
32477,0
26983,1
25149,1
31433,0
26140,1
29276,0
28739,1
35165,0
20348,0
23754,0
17565,1
32379,0
17652,0
26112,1
27256,0
20600,0
20959,1
29105,1
31341,1
21637,0
32897,0
29280,1
31892,1
5688,0
17123,0
14873,0
16795,0
31165,0
7511,0
30058,1
15372,0
31951,1
11963,1
18099,1
30651,0
27419,1
23235,0
10352,0
3551,0
25052,1
8500,0
34042,0
18208,0
30698,0
16093,0
1399,0
17918,0
35403,0
11381,0
18462,0
33215,1
29800,1
17563,0
1103,1
18329,0
4984,0
27872,1
8703,0
6651,0
32649,0
28110,0
27607,0
33697,0
30617,0
30419,0
2796,0
35445,0
26624,1
2861,0
3905,0
25010,1
23113,0
11464,0
27595,0
22575,1
3808,0
6669,0
35821,0
23858,0
27750,1
12480,0
25396,0
381,1
24516,1
32297,1
30441,0
25687,0
18480,1
36047,0
34141,0
8402,0
19323,0
22187,0
22171,0
13994,0
16683,0
10380,1
32807,0
1604,0
16545,0
8109,0
7984,0
20022,1
20108,0
221,0
12277,0
9495,1
16910,0
26713,0
28672,0
10909,0
25511,0
4012,1
3297,0
8511,0
19714,0
17686,1
28244,0
1292,0
9902,0
22144,1
29495,1
4653,0
14756,0
34036,0
5991,0
9033,0
3053,0
29595,1
5124,0
23155,0
25837,1
12451,1
5389,0
30225,1
25650,1
2003,0
9213,0
17410,0
24817,1
20374,1
17157,0
1311,0
5866,0
31798,0
1394,0
1025,0
5081,0
30815,1
5187,0
32869,0
29875,0
2769,0
34717,0
27892,1
33772,1
13379,0
19034,0
16813,1
16109,1
23767,1
31574,1
13934,0
25626,1
7965,1
32313,0
7648,1
26433,1
25592,1
25183,1
18232,0
21700,0
34226,0
16425,0
3878,0
21171,1
34406,0
32402,0
16783,0
16259,1
18855,1
33967,1
6132,0
26695,0
13239,1
34975,1
24509,1
4214,0
9257,1
35016,0
24216,1
5241,0
8848,0
28266,1
3575,1
9276,0
10582,1
18235,0
8544,0
13364,0
1545,0
16373,0
5694,0
35316,0
27841,0
22236,1
29296,0
35742,1
21628,1
1024,0
7312,0
28688,0
30587,0
28486,1
6856,0
25174,1
23905,1
5804,0
5132,0
16014,0
22324,0
20920,1
24079,0
19071,1
8715,0
21079,0
3853,0
17310,1
882,0
6039,0
12726,0
11575,0
21875,1
14093,1
1426,0
17148,1
2348,0
34348,0
20344,1
30525,1
9548,0
6572,0
14320,0
26056,0
16653,0
22589,0
20458,1
8564,0
5741,0
11899,0
3459,0
34156,0
30083,0
23855,1
29262,1
3709,0
33339,0
6974,0
27179,0
14250,1
28467,1
9908,0
4157,1
6947,0
19210,0
26075,1
3460,0
20680,1
9452,0
13537,0
25179,1
2350,0
29118,1
33961,0
1462,0
4266,1
22270,1
16894,1
13107,1
1910,0
628,0
9804,0
12672,0
34433,0
10435,0
25338,0
22976,1
16733,1
15121,0
23284,1
22660,0
32720,0
34502,0
11296,0
35727,1
1845,0
30068,1
22499,0
22930,0
11199,0
3451,0
20384,0
36203,0
8533,0
23405,0
15628,0
20552,1
25185,1
13512,1
12810,0
6626,0
32598,0
17604,0
29325,0
32931,0
4899,1
7208,0
26422,0
12880,0
1615,0
18978,0
12039,0
31591,0
34191,0
10146,0
3756,1
17861,0
24808,0
30743,1
17181,0
25491,0
15518,0
16405,0
8611,1
6594,0
24784,1
10765,0
13099,0
22522,1
17891,1
9966,0
22293,1
9879,1
4137,1
11748,0
25599,1
34731,0
20258,0
34379,0
23325,1
17556,1
18924,0
18138,0
12548,0
17580,1
31358,0
2371,0
35000,0
3410,0
12857,0
22903,1
19930,0
19873,0
11885,0
36111,0
7331,0
4691,0
19474,0
12983,0
18936,0
5682,1
3855,0
22137,0
1973,0
36005,1
16156,0
31974,1
31384,1
4237,0
4929,0
26676,0
3733,0
7515,0
4881,1
18619,1
5323,0
32791,0
32050,0
22221,0
20910,0
23316,0
28638,1
18022,0
21582,0
29845,0
31241,1
35985,0
24438,0
12478,0
17977,0
35489,0
29116,1
9186,1
23693,0
29744,0
36012,0
27790,0
4242,0
32262,1
19864,1
11684,1
23281,0
29737,1
23515,1
24011,0
28776,1
25740,1
7173,0
28695,0
11696,0
34933,0
1773,0
24432,0
28353,0
506,1
19406,0
6025,0
31915,1
2153,0
19198,0
3579,1
19667,0
2606,0
32373,1
30977,1
18472,1
24332,1
4215,0
29548,1
16566,1
20670,0
17970,1
5536,0
26393,0
21332,0
14421,0
6867,0
9481,0
18500,1
18795,1
20697,0
2151,0
28830,1
34560,0
32909,0
28260,1
13066,0
32120,1
2845,0
33506,0
20499,0
34643,1
4739,0
27416,0
24639,1
21517,0
2004,1
30217,1
12090,1
2730,0
6344,0
17996,1
18171,0
3425,0
10110,0
24731,0
16079,0
17022,0
30665,0
32733,0
20153,0
34219,0
35199,0
31032,0
6746,0
17482,0
14348,0
30319,1
16318,0
5835,0
9295,0
19983,0
33778,1
19382,1
4536,0
333,1
13572,0
21763,0
9518,0
12740,1
25040,1
27443,1
19583,1
26669,0
18686,0
21089,1
20152,0
12352,0
26671,0
14855,0
896,0
8298,0
19833,0
34031,0
6883,0
24476,0
34728,0
18682,0
4403,0
11123,1
29775,0
19429,1
26333,1
19085,1
26518,0
14605,1
23274,0
29561,1
12545,1
8013,0
27349,0
7510,0
16934,0
29405,0
13047,1
27308,1
3369,0
9507,1
11124,0
35330,0
6978,0
23231,0
11934,0
21485,0
6079,0
15650,0
34214,1
33584,0
13971,0
30035,1
2494,0
25664,1
24955,0
11761,0
23507,0
9489,1
10789,0
27739,1
29617,1
29361,1
11945,0
33214,0
577,0
9783,0
4456,0
21489,0
12231,0
35317,0
16033,1
29049,1
31884,1
27579,1
34342,0
4145,1
23852,0
23003,1
13251,1
31073,1
9532,0
21599,0
34737,0
15457,1
6989,0
33673,1
22979,1
32898,0
12815,1
24029,0
12241,0
25556,1
22460,0
75,0
5330,0
28237,0
6834,0
2199,0
2038,0
14054,1
18363,0
9785,1
28600,1
23203,0
10249,0
27283,1
24964,1
16912,1
29761,1
10171,0
13598,0
20072,0
23738,1
15371,1
28488,1
13869,1
34857,0
14555,0
25746,0
5198,0
19489,0
13862,1
9633,0
5937,0
22768,1
29765,1
9540,0
19693,1
11428,0
13669,1
31817,0
16549,0
14357,0
30156,0
29647,1
15201,0
11461,1
15768,1
10686,0
32481,1
5821,0
13202,0
21045,1
33335,0
26444,1
8589,0
2859,0
6992,0
5249,0
6293,0
15598,0
35017,0
12050,1
12431,0
7662,0
2235,0
21727,0
31188,0
29491,1
30757,1
30591,0
5359,0
17276,0
14784,1
22192,0
31342,0
4201,1
31313,0
16074,0
27483,0
743,0
11946,0
16078,0
1917,0
14183,1
16029,1
15620,0
32763,1
299,1
30567,0
16808,0
22059,0
28356,0
23996,0
148,0
7347,0
388,0
26077,1
29629,0
31403,0
7426,0
27794,1
6483,0
24323,1
248,1
29045,0
16492,1
30779,0
4962,0
35125,0
26524,0
25016,1
24078,1
8960,0
7153,0
21706,0
1900,0
27804,0
28840,0
20414,0
4440,0
939,0
29966,0
20925,0
25432,0
431,0
35523,0
26299,0
3485,0
804,0
12350,0
5469,0
19219,0
21462,0
23371,1
23175,0
3023,0
15076,0
1066,0
11029,1
17863,0
6324,0
23473,0
6945,0
25693,1
319,1
21590,0
11373,0
18035,1
11121,1
22276,0
13588,1
31939,1
23404,1
27928,1
4797,0
31461,0
8417,0
2135,0
11211,1
29337,1
28577,0
34965,0
19848,0
14099,0
10260,1
28073,0
9154,1
16352,1
2236,0
29798,0
4410,0
9889,1
3379,0
5791,0
11006,0
24301,0
28322,1
36122,0
5956,0
19986,0
2101,1
1417,0
9948,0
30502,0
24729,0
16678,0
10701,0
27181,1
13657,0
15283,1
34048,1
33455,0
1644,0
35049,0
21946,1
25842,1
35655,0
19650,1
28305,0
32391,0
35951,0
22021,0
18560,1
6335,0
29479,1
33370,0
21069,0
26928,0
34931,0
10124,0
27675,0
24871,1
2306,0
35802,0
32782,1
21373,0
2880,0
18446,1
1471,0
12012,0
5409,0
9133,1
9673,1
22246,1
21442,0
26550,0
34771,1
8058,0
1316,0
14485,0
27446,0
31767,0
8224,0
4670,0
8464,0
12208,1
10332,0
3335,0
2784,1
6210,0
17810,0
31077,0
17500,1
21724,0
26065,0
25032,1
32967,0
17280,1
2534,0
3128,0
32611,0
13726,1
5367,0
30026,0
10177,0
29324,0
25939,1
5769,0
35524,0
1936,0
13738,0
20186,1
6179,0
20223,0
21570,0
9959,1
32751,0
10230,1
4571,0
30259,0
26001,1
31378,1
3884,0
27839,0
9646,0
22858,0
25575,1
31557,1
11024,0
17877,1
31225,1
26479,0
28235,1
26379,0
14702,1
685,0
2536,0
592,1
33664,0
23577,1
29250,0
25578,0
25639,0
33586,0
21828,0
19808,1
29706,0
6990,0
24846,0
10516,0
5336,0
33326,0
20545,1
34648,1
16696,1
33523,0
10933,1
23213,1
3455,0
12937,0
35708,1
15015,1
26335,0
21203,0
14399,0
26899,1
23421,0
7508,0
27917,1
2405,0
9031,0
25886,1
16505,0
25326,1
13690,0
3434,0
22062,0
29392,1
10189,1
31217,0
31199,1
23931,0
3766,0
35621,1
34922,0
20489,0
20844,0
32372,1
33196,0
20211,1
19880,0
25273,0
2085,0
9267,0
2827,0
18065,1
32970,0
4146,1
33862,1
11154,1
28299,1
8347,0
6192,0
13706,0
14137,0
11676,0
17641,0
32863,0
29213,0
14572,0
12245,1
29738,0
7490,0
23452,0
14052,1
3300,0
32390,1
5357,0
31105,0
16585,0
1647,0
29923,0
445,0
9924,1
16495,0
20761,1
48,1
33362,1
19414,0
4444,0
26095,0
32743,0
12384,0
17759,0
19460,1
23761,0
8933,1
33995,0
34698,0
11844,0
33394,1
7705,0
11261,1
2904,1
11706,0
36193,1
28047,0
1809,1
29004,0
17555,1
18067,1
35178,0
10774,0
27992,1
7734,1
15987,0
11000,1
3079,0
17226,0
3761,1
1721,0
12364,0
19303,0
12013,0
3874,0
13506,1
17813,0
22697,0
2895,0
228,0
5145,0
23401,0
8158,1
3654,0
26820,1
13291,0
11759,1
27128,1
11695,0
28272,0
14315,0
3313,0
16571,1
3156,1
19012,0
21825,0
9723,0
2303,0
7226,0
12502,0
22493,0
24590,0
23559,1
26975,1
4517,0
14909,0
1396,0
24660,0
13272,0
17336,1
14166,0
32661,1
25039,1
34066,0
16839,1
21588,0
6909,0
22892,0
17010,0
3570,0
8405,1
5129,0
17462,0
28821,0
27643,1
29232,1
11819,0
20796,1
3321,1
17246,0
19952,1
22316,1
30706,1
8485,0
1382,1
23969,1
27844,0
16770,1
18212,0
8697,0
24099,1
28599,1
35636,1
7423,0
11938,0
15478,0
12558,1
8803,0
13441,0
26503,0
30122,1
25572,0
32709,0
7888,0
26750,0
12001,0
25478,0
21269,0
12993,0
6854,0
31528,0
30448,1
5909,0
14557,0
14738,1
22116,0
20338,0
27251,1
8811,0
33340,0
15428,1
2628,0
10936,0
13388,0
12303,1
25402,1
4564,0
25719,1
21222,0
8585,0
19792,0
28728,0
9491,0
30454,0
3674,0
458,0
2647,0
7644,0
7121,0
34863,1
6806,0
20794,1
24258,1
23424,0
1482,0
8213,0
455,0
21634,0
23018,1
17054,0
17032,0
18440,1
9127,1
16110,0
15178,0
19067,1
19796,1
17554,1
17882,0
8932,0
28154,1
34316,0
34724,0
9892,0
17478,1
10246,0
18990,1
19574,1
21751,0
10864,1
9519,0
26443,0
27946,1
28363,1
31143,0
27572,1
17408,1
32533,0
2959,0
22506,1
14927,0
15324,1
34350,0
25624,0
11,0
1892,0
18335,0
33052,0
10972,1
27424,1
9999,0
30982,0
31114,1
12102,0
20097,1
27299,1
8572,0
7983,0
26907,1
9364,0
15290,1
31483,1
35703,0
33141,0
33278,0
32274,0
17368,1
18128,0
7296,0
27027,0
2679,1
3587,0
4619,0
18496,1
6539,0
11188,1
19366,1
9478,0
10537,1
35797,1
24670,0
23398,0
5730,0
4013,0
21594,0
19633,0
14126,0
8154,0
32482,0
25310,0
7172,0
31986,1
29005,0
44,1
18058,1
2069,0
22694,0
20824,0
26047,0
11310,0
17393,0
11411,0
15856,0
15466,0
4613,0
27632,1
24668,1
32597,1
119,1
23129,0
2008,1
20531,0
2627,0
12076,1
21136,1
2791,1
29842,0
13545,1
9345,0
8906,1
16011,1
18626,1
20571,0
23279,0
33284,0
31009,1
8740,0
2980,0
20829,1
9248,1
24594,0
3589,1
10905,0
34060,1
32360,1
19391,1
2570,0
11301,0
11830,0
27759,0
6740,0
23640,0
5116,0
2583,0
32852,0
30063,0
9223,1
2164,1
8831,0
17615,0
30841,1
6538,0
22398,1
17997,0
15056,0
4377,0
25294,0
22381,1
25810,0
4896,0
20859,0
13812,0
8488,0
36015,1
8858,1
7118,0
28170,0
11500,0
15159,1
4069,0
31818,0
1500,0
27423,1
12457,0
14975,1
13055,1
25139,0
12397,0
29134,1
3520,0
34777,0
5867,0
24651,0
34625,1
5188,0
6982,0
18818,1
15892,1
4658,0
34084,0
34425,0
6654,0
31772,0
5078,0
6040,0
18365,0
34238,0
27245,1
21903,0
20006,0
4798,0
1819,0
23256,1
6434,0
20399,0
21454,0
19066,1
2254,0
21716,0
16735,1
30950,1
17262,0
28173,1
22570,1
12174,1
20860,1
2607,0
27441,0
9853,0
33650,0
5648,0
17920,0
34919,0
24564,0
10329,1
14055,0
13886,0
30257,1
10147,0
5280,0
29754,1
4378,0
36190,1
25473,0
13127,1
10095,0
958,1
9258,0
24534,1
10746,0
20321,1
20964,0
23593,0
28771,1
18030,1
8227,1
32204,1
9975,1
34419,0
2540,0
86,1
22850,1
9013,0
35603,0
29111,0
20530,0
20823,0
24177,1
6792,0
34094,0
2557,0
34730,1
28256,0
21814,1
13460,1
32042,0
15264,0
31972,0
15693,0
29450,1
34665,0
8439,0
17866,0
18303,0
88,1
10705,0
11971,1
15909,0
20507,0
34384,0
2196,1
28076,1
17756,0
25866,0
20570,1
14233,0
8251,0
2448,0
1631,0
3050,0
30414,0
18074,0
29081,0
27319,1
3438,0
12175,0
33593,1
2018,0
364,0
28616,1
21398,0
20805,0
7903,0
5563,0
21253,0
4185,1
9336,0
25559,0
4698,0
27402,0
30370,0
25534,1
36137,0
16551,1
2693,0
4756,0
10822,1
28800,1
16617,0
20229,1
28568,1
9300,0
33924,1
39,1
16455,0
19573,1
4330,0
22566,1
18141,1
9369,0
23130,0
35624,0
23298,0
6986,0
2163,0
29851,0
34477,0
24207,1
18144,1
23690,1
4726,0
25892,0
25897,1
28635,0
14193,1
21162,0
21926,0
28371,1
23409,1
34575,0
18613,1
22833,0
30466,1
5322,0
31780,0
12434,1
30654,0
18714,0
16329,0
3515,0
1104,1
24680,0
33681,0
20205,0
13533,0
25143,0
33892,0
29781,0
20590,0
18765,1
24282,1
1813,0
18369,1
24663,0
23634,0
21554,1
1950,0
25342,1
1044,0
22232,0
14624,0
19381,0
11640,0
5955,0
15536,0
15724,0
28700,0
16811,0
19765,0
35980,0
13789,0
29107,0
29170,1
25844,0
22001,0
18849,1
11789,0
16125,0
12822,0
1009,0
28055,0
29002,1
26756,0
27049,1
31756,1
772,0
20037,1
843,0
28879,1
12295,1
15984,0
13432,0
13421,0
2887,0
11322,0
20158,1
29104,0
27152,0
32642,0
2291,0
21114,0
12031,0
35576,0
17330,0
5077,0
34946,0
13865,0
7921,1
17072,0
2992,0
32679,1
11263,1
1092,0
19096,0
4024,0
5472,0
11405,0
9179,0
35245,0
29030,1
22441,1
34962,0
29394,0
1761,0
10423,1
15954,0
12003,1
19095,0
20778,0
14772,1
4826,0
26953,1
13692,0
34473,0
1974,0
17101,0
22097,0
2167,1
27315,1
2906,0
8422,0
19859,0
5153,0
10303,0
25125,1
6519,0
14345,1
29566,0
34783,0
34630,0
21093,0
25112,1
12684,1
25917,0
26157,1
10119,0
35095,0
21633,1
34569,0
34077,0
12246,0
31928,1
33504,1
31668,1
15401,0
32622,0
6956,0
24302,1
35859,1
17354,1
8218,0
27080,1
27359,0
16772,0
5545,0
34111,0
27576,0
14053,1
72,1
22863,0
5794,0
6926,0
3782,0
3988,0
15611,0
1890,0
24468,0
32628,1
805,0
15434,0
6054,0
12639,0
11332,1
21138,0
26742,0
4484,0
14647,1
12933,1
12805,0
8147,0
33845,0
19254,0
24865,1
33945,0
26082,1
19138,0
17606,1
16622,1
32244,0
24019,0
20256,1
12826,0
5456,0
16380,1
25648,0
29293,0
20927,0
26734,1
6074,0
26985,1
11935,0
30473,0
30797,1
18223,0
27553,1
35574,0
8957,0
33478,0
12691,0
16925,0
2708,0
1982,0
14267,1
33561,0
10309,0
10930,1
25872,1
20038,1
8851,1
12803,0
22482,1
15298,0
25989,1
10438,0
23199,1
2729,0
30091,0
11497,0
10657,0
25290,0
35644,0
10544,1
32726,1
14300,1
13223,1
11804,1
20597,0
14202,1
34906,0
31280,0
32585,0
4097,0
9978,1
14960,0
332,0
29755,1
8322,0
31321,1
14794,0
12435,0
17258,1
32574,1
31022,0
27507,0
2492,0
13299,1
6845,0
5088,0
32154,0
36153,0
13128,0
18375,1
5412,0
33448,0
16588,0
28746,0
35091,0
12671,0
4975,0
7553,0
28468,1
21216,1
4499,0
28575,1
15317,0
13085,0
26380,0
7073,0
27025,1
6363,0
17915,0
34039,0
32590,0
26939,1
28866,0
23533,1
35756,1
5033,0
31147,1
14928,0
29771,0
6113,0
2381,1
21324,1
28597,0
22454,0
26307,0
12792,0
5012,0
34735,0
25323,1
12130,0
21652,0
8412,0
15346,0
1742,0
4406,0
21576,0
20224,0
15449,0
13230,1
26211,1
9204,0
29160,0
28789,0
24884,0
36187,0
11654,1
20578,1
24926,1
30707,1
28336,1
30793,0
2897,0
19431,1
16364,0
30310,1
30506,0
2821,0
5491,0
22108,0
35671,0
24673,1
10276,0
32020,0
7792,0
22919,0
20934,0
21403,1
29137,1
3022,0
30130,1
35762,0
30008,0
15555,0
21248,0
28176,0
20724,0
30861,0
28827,1
25226,0
16264,0
26868,0
29151,0
24762,1
31776,0
32512,0
16802,0
518,1
22618,1
17752,0
23100,1
25074,1
1140,1
26672,1
31092,0
1202,0
26269,1
36080,0
2131,0
30923,1
34307,0
29886,0
1064,0
14430,1
34034,1
18116,1
29522,0
13906,0
30212,0
35712,0
13898,1
29527,1
35868,0
5646,0
10104,0
19669,0
18490,1
29391,1
32651,0
5325,0
1285,0
18418,0
31540,0
23174,0
9283,1
10218,0
4628,0
10443,0
26399,0
5637,0
5931,0
1229,0
31027,0
35896,0
21907,0
20895,0
10923,1
34715,1
22907,0
32006,1
18861,1
10016,0
13123,0
36185,0
10583,0
23080,0
22838,1
23884,1
20624,0
16652,0
12742,1
16716,0
34428,0
16724,0
23892,1
31960,1
33630,0
15468,0
32066,0
3980,0
32098,1
21388,1
18547,1
7739,0
22145,0
1938,0
25005,0
20942,1
8860,0
1468,0
3003,0
24593,0
35053,0
1641,0
5485,0
32796,0
12077,0
28199,0
29165,0
1346,1
6501,0
33100,0
2703,0
9664,1
9195,1
2707,0
30056,1
2713,1
16065,1
26263,0
32331,1
27769,1
19551,0
30554,0
2211,0
28495,1
9545,0
19617,1
5829,0
2743,0
24860,0
35405,0
12653,0
5930,0
24900,0
7977,0
23429,1
21245,1
21849,0
35467,1
887,0
28803,1
23618,1
20853,0
4872,0
17329,0
12518,1
22413,0
29456,1
31617,1
26897,1
21291,1
33152,0
16969,0
17356,1
35106,0
29549,1
4590,0
3607,1
32975,1
19145,1
8489,0
28584,0
27493,0
14314,1
1737,0
3483,0
3002,0
13253,0
11236,1
33177,0
26110,0
24609,1
11207,0
15940,0
21831,1
10265,0
2309,1
10621,0
9736,0
14286,1
20422,1
14527,0
6406,0
29827,0
31670,0
9232,0
32995,1
17659,0
970,1
19874,1
13284,1
20791,0
33783,1
35240,0
20441,0
17510,1
31500,1
18185,1
5231,0
25020,1
28574,0
5900,0
8206,1
22891,1
9556,0
34327,0
26942,1
35154,0
6846,0
34635,0
11627,0
1028,1
626,0
15851,0
9906,0
16632,0
6065,0
10122,0
35465,0
33001,0
5579,0
14185,1
11094,1
14712,1
3676,0
11266,1
8928,0
9439,0
26716,0
31005,0
34382,0
10432,1
31622,0
25975,0
19881,0
14926,1
32555,0
25092,1
28204,0
19753,0
14468,0
26470,1
5320,0
7628,0
5185,0
22068,0
1672,0
13079,1
9599,0
5019,0
22288,0
2190,0
2248,0
658,0
8820,0
11136,1
6475,0
31918,0
34528,0
110,1
30668,0
297,0
31456,0
8717,1
8738,0
30716,0
28630,0
9446,1
24059,0
5555,0
12212,0
14457,1
23641,0
33330,1
29260,1
32186,0
28549,0
7023,0
32626,1
22345,0
29001,0
36216,0
8722,0
17906,0
31201,1
8025,0
13113,1
26696,0
5376,0
10195,0
3020,0
21645,0
2112,0
34211,0
13013,0
24802,1
10964,0
7935,0
16541,1
15848,1
16481,0
20222,0
32247,1
31568,0
14415,0
7155,0
1194,0
13774,0
298,0
13831,0
1247,0
8561,0
3753,0
20083,1
17883,0
6954,0
13151,0
1861,0
12322,0
4212,1
17275,0
26090,0
34566,0
18886,1
6042,0
10496,0
5500,0
18432,0
2932,0
28480,1
6750,0
9868,0
7807,0
16803,0
30316,1
12111,0
9586,1
26552,0
6215,0
13614,0
12582,0
13276,0
797,0
33986,1
19148,0
35943,0
35353,0
25346,1
8280,0
2724,0
1710,0
24446,0
3121,0
2846,0
32033,0
33943,1
20707,1
6904,0
4473,0
33716,0
4066,0
24692,1
7198,0
23369,0
11721,0
12741,0
21189,0
13662,0
25935,0
25209,0
8277,1
16838,1
29454,1
27681,1
33595,1
7980,1
21326,0
35842,0
35320,0
2669,0
30301,0
31841,0
21773,0
27857,0
10286,0
8602,0
28904,0
31573,0
22716,1
21073,0
35730,1
23396,0
11595,0
33301,1
15921,1
16906,1
16345,0
3222,0
7725,1
12842,0
97,1
3277,0
11774,1
36118,0
21526,0
25496,0
17399,1
1796,0
12428,1
35195,1
30595,1
28447,1
23415,1
1556,0
6343,0
3408,0
14383,1
14879,0
8705,0
31017,0
27378,1
4065,0
17466,0
17273,1
31536,0
28370,1
8162,0
24191,0
23994,1
36077,1
25736,0
27707,0
26367,0
8095,0
4895,1
4725,0
1586,1
10948,1
7775,0
34788,0
11115,0
33032,0
8523,0
30746,0
11672,1
27831,0
8479,0
2498,0
27668,0
34230,0
10228,0
19379,0
25113,0
20244,0
21681,1
18845,1
33225,0
21788,1
1498,1
20449,1
2899,0
13979,1
26344,0
2095,0
12368,0
11064,1
20513,0
32926,1
5572,0
10538,0
11734,1
27896,0
23850,1
19399,1
28308,1
32014,0
17680,0
25073,1
27301,1
18534,1
10248,0
18983,0
10575,0
8817,0
8076,0
8011,0
12798,0
13234,1
18489,0
25763,0
29848,0
34071,1
28921,0
14159,0
11298,0
21918,1
4749,0
15582,0
30974,0
20611,1
2258,0
2947,0
1723,0
21719,1
27861,1
3684,0
32221,1
22211,0
35217,0
15263,0
22558,0
13899,0
9856,0
30792,0
14612,0
17154,0
23874,0
761,0
20662,1
23546,0
29436,1
31895,1
34144,0
31887,0
15978,0
29412,1
5482,0
9311,0
22820,1
33694,1
6302,0
18110,0
14559,0
12972,0
31938,1
34414,0
32812,0
17004,0
13377,0
17130,0
3220,0
22913,0
14536,0
15527,0
25133,0
28572,1
7809,0
150,1
2354,0
6440,0
18327,0
28643,0
9671,0
34442,0
2144,0
18866,1
15514,0
20290,0
13316,0
22483,0
6935,0
6067,0
16513,0
22195,1
16507,0
29314,0
12659,1
16946,0
22615,0
9555,1
23451,0
3147,1
32777,0
19554,0
27391,0
35287,0
16357,1
8546,0
3341,0
527,1
31620,1
9038,1
1389,0
11202,1
6980,0
26010,0
16878,1
27180,0
18925,0
8253,0
33717,1
26640,1
1280,0
11440,1
35127,0
31376,0
559,0
35812,1
27387,0
34446,1
18265,0
29817,1
3548,0
11088,0
15569,0
8404,1
26280,0
15828,0
5451,0
6347,0
28992,0
33252,1
10542,0
35215,0
16526,1
21809,1
28995,1
13007,1
35270,0
34059,0
32879,1
8973,0
9435,0
22004,0
22515,1
14959,1
18168,1
18729,1
33603,0
32409,1
4907,0
29428,0
5152,0
7822,1
21695,0
4781,0
27870,0
10255,1
20418,1
15285,0
4788,0
3948,0
7461,0
1735,0
23184,0
14915,0
23840,1
11509,0
28963,0
23063,0
8145,0
6352,0
8012,0
31470,1
32789,0
20591,0
28184,0
9454,1
33661,1
5445,0
23308,0
6914,0
18057,1
3449,0
1712,1
17420,0
1868,1
9335,0
34472,1
17666,1
17305,1
5490,0
11884,1
24797,1
7247,0
3063,0
22792,1
2014,0
11525,1
946,1
26849,0
10089,1
11967,1
22210,0
19603,1
1222,0
1755,0
18957,1
14659,0
27907,0
34260,0
33916,0
7459,0
17722,0
24405,0
4148,1
6129,0
26709,1
31735,0
29797,0
10373,0
32643,0
30955,1
46,1
21993,0
17231,1
32174,1
27321,1
31106,0
24077,0
28341,1
21109,1
15143,0
13876,0
28929,1
22637,1
34694,0
2251,0
34163,1
17149,0
24691,1
19360,1
21959,0
18561,1
14986,1
13446,0
4636,0
25058,1
31316,0
8549,0
21314,1
7161,0
18813,0
34418,0
25871,0
28,0
204,1
22456,0
2179,0
18950,1
18230,0
13156,0
26882,1
637,0
3561,1
18020,0
34105,0
19557,1
30765,0
10885,1
135,0
19285,0
5727,0
12605,0
9574,1
18612,1
17166,1
30330,0
35766,0
19454,0
26516,1
33518,0
17619,1
33104,0
21847,1
25959,1
10724,0
9002,0
10823,0
33101,0
35112,0
56,1
5926,0
17373,0
22207,1
233,0
28303,1
18809,1
28137,0
7973,1
20608,1
34609,0
18699,0
27024,1
1384,0
33489,0
29857,0
35936,0
12604,0
13148,0
31214,1
7257,0
15844,0
14121,0
566,0
32737,0
20322,0
12486,1
13632,0
11255,1
4646,0
1679,0
24894,0
3669,0
23330,0
30431,1
31913,1
20371,1
17551,1
34496,0
29685,1
25348,0
32644,0
3430,0
18787,0
21857,0
7582,0
15375,1
24060,0
30474,0
1011,1
31453,0
16298,0
12469,1
34967,1
7672,0
19084,1
27047,0
14721,1
34427,0
6748,0
12416,1
3643,0
15043,0
33298,0
9552,0
13489,1
11135,1
23108,1
9000,0
26439,0
23828,1
3146,0
32584,0
14556,0
14723,0
25314,1
13376,0
14309,0
32032,0
21012,1
24661,0
8106,0
24139,1
28734,1
25998,0
2866,0
26180,0
22274,1
10602,0
20363,1
8300,0
33874,0
20095,1
1800,0
5528,0
33836,0
30545,0
13755,0
13367,1
1267,0
25895,0
12573,0
28014,1
34175,0
21323,0
3477,0
19777,0
25896,0
12327,0
6076,0
28556,0
17887,0
25123,1
28128,0
5748,0
30652,1
5642,0
35381,0
15691,0
24052,0
21300,0
24267,1
30648,1
30134,1
3098,0
10581,0
40,1
19133,1
20407,1
16354,0
31535,1
28881,1
24574,0
31412,0
28835,1
15078,1
23234,1
22134,0
21243,1
27210,0
26481,1
29052,0
14514,0
32343,1
34700,0
30250,1
9319,0
4997,0
2417,0
16271,1
4897,1
31628,0
28788,1
24995,1
14838,0
27932,0
33849,0
32646,0
14567,0
30357,1
18179,0
15362,0
4261,1
2806,0
35976,1
4399,0
12479,0
30653,0
3815,0
10296,0
9707,1
27376,1
23365,1
6959,0
28532,1
31594,1
26178,1
15249,0
30817,1
20483,0
26755,0
25851,0
5917,0
20603,1
9504,0
33790,0
12846,0
31711,0
29239,0
21297,0
19803,0
2364,0
2120,0
8315,0
3568,0
29319,0
10266,0
14425,0
14045,1
33987,0
32234,1
21181,0
6527,0
6265,0
4972,0
24527,0
4607,0
6970,0
18405,0
32617,0
25352,1
11836,0
8236,0
30761,1
14976,1
17125,1
8637,0
15484,0
33459,0
14249,1
36178,0
19679,0
30428,1
27355,1
36246,0
8220,1
19423,0
1150,0
14964,1
24882,1
9075,1
24798,1
1129,0
19534,0
874,0
8475,0
10120,0
27610,1
32713,0
14779,1
18426,0
4687,0
6698,0
16017,0
18004,0
19835,0
2321,0
42,1
2851,0
12006,1
22392,1
315,1
25299,0
5314,0
3554,0
10257,0
18641,1
1263,0
17342,0
920,0
7778,0
8257,0
13851,0
6292,0
33685,1
18159,0
35876,0
33979,1
22886,1
6712,0
13464,1
9472,1
25135,0
19914,0
22590,1
1248,0
29313,0
13968,0
19837,0
8033,0
27633,0
4648,0
7376,0
8784,0
25466,0
34337,0
32638,0
161,0
29643,0
19368,1
4107,1
34089,0
9448,0
10374,1
24722,1
16246,1
5496,0
31484,1
14752,0
10474,1
33302,1
26906,1
30939,1
16685,0
11711,0
31857,1
14494,0
35057,1
210,1
30875,0
17572,0
32160,0
32106,1
30762,0
960,1
21654,1
24650,0
35118,0
9998,0
13730,0
13504,0
12513,0
25339,1
17196,1
23957,1
14361,1
23757,1
30076,1
31197,0
728,0
31134,0
32839,0
12628,0
756,0
34335,0
6268,0
15790,0
22726,0
12666,0
11472,0
23569,0
33385,1
27184,1
26904,1
30078,1
23351,0
20081,0
10593,0
35037,0
26206,1
4461,0
8764,0
4216,0
1748,0
25456,1
25637,1
19816,1
35463,0
3569,0
16919,1
2253,0
20565,0
11104,1
28693,1
967,0
3981,1
6534,0
25115,1
33055,0
14160,0
25606,0
12410,1
5230,0
23068,0
11941,0
7054,0
9511,0
35265,0
31977,1
32988,1
35776,1
2802,0
36101,0
22830,1
34329,0
35066,0
30364,1
23410,1
30109,0
12197,1
19352,0
25751,1
20436,0
23528,0
16139,1
27901,1
925,0
16978,1
4917,0
19252,0
33279,0
32750,0
17104,0
27519,1
31047,0
6606,0
21540,1
34171,0
30381,1
384,1
11323,1
7948,0
17261,1
25313,0
11074,0
9236,0
32465,0
2602,0
22487,0
22511,0
16062,0
22272,0
3395,0
19973,1
35478,0
15307,1
15538,0
30566,0
32438,0
24551,0
35039,0
12472,0
31294,0
29041,1
33409,0
19457,1
10034,0
2336,0
8337,0
7440,0
25910,1
22307,0
13975,1
29716,1
7995,0
3851,0
34330,0
7096,0
14148,1
35785,1
30261,0
2132,0
11190,0
7493,0
13977,1
1114,0
28362,1
30537,0
1381,0
8318,0
34313,0
21383,0
27795,0
29964,0
13611,0
30100,1
17687,0
16933,0
35656,0
28646,0
9506,0
13071,0
89,1
33908,1
173,1
21158,0
1999,0
18944,0
25980,1
2046,0
25522,1
4240,0
28747,1
21786,1
26435,0
11999,0
12074,0
25203,0
34027,1
12501,0
34253,0
34970,0
6809,0
7523,0
977,0
19215,0
552,0
8231,1
25932,1
4281,0
14462,0
16893,1
26104,0
1118,0
11376,1
14971,1
25063,0
29791,0
30837,0
994,1
3426,0
16815,0
29909,0
21478,0
5288,0
4217,1
29063,0
7354,0
25119,0
12693,0
21414,1
27554,0
13400,1
31249,1
14832,0
32071,0
35413,1
1283,0
3721,0
30353,1
22215,1
23348,1
15752,0
20357,0
34065,0
26638,1
35691,0
17335,0
31612,0
8863,0
14932,0
4178,0
5602,0
8302,0
15386,1
28166,0
2109,0
10002,0
28511,1
6227,0
27740,1
1082,0
26719,0
9778,1
25815,0
18646,1
1697,0
16718,1
11120,0
6288,0
3985,0
3690,1
28366,1
1741,0
34033,0
18893,0
23591,0
1371,0
31001,0
8486,0
8892,0
9264,0
79,1
31252,0
6966,0
10990,1
14821,0
25544,0
22002,1
3695,0
35725,0
17789,1
14740,0
1783,0
33169,0
8785,1
143,1
13294,1
21735,0
35117,0
22354,0
7041,0
14354,1
16518,1
25768,1
699,0
26182,0
12236,0
3284,0
16028,0
6458,0
2470,0
14117,1
33959,0
31024,1
4993,0
32559,0
2632,0
25586,0
3198,0
20601,0
6271,0
21752,0
35956,0
10397,1
13210,0
21710,0
24873,0
3664,0
17552,0
18094,1
6449,0
27788,0
22723,0
16035,0
24833,1
17067,1
11882,1
33928,1
17091,0
25656,1
8372,0
14725,0
16855,1
33841,0
21488,0
15420,1
20781,0
19351,0
10328,0
33193,0
12381,0
12583,0
8843,1
4660,0
14705,0
8840,0
12112,1
19276,1
23042,1
33384,1
27660,0
7546,0
19403,0
33457,0
8090,0
13056,1
7348,0
30354,1
10873,0
5773,0
20963,0
14105,0
10054,0
24170,1
27696,0
19923,1
25148,1
25825,1
27664,1
12864,1
25868,0
485,0
14031,1
25301,1
34405,0
26304,1
31095,0
21081,0
26015,0
11283,0
26780,0
1903,0
22995,0
9862,0
7512,0
36192,0
4545,0
26085,1
14642,1
4784,0
10968,0
20310,1
15770,0
13295,1
29925,0
15721,1
20795,1
19427,0
33833,0
34440,0
13861,0
23814,1
2785,0
17925,0
5223,0
11138,1
3239,0
9524,0
20786,0
6182,0
16179,0
30010,0
33122,0
17966,0
13824,0
35354,0
796,0
32312,1
32721,0
7055,0
23581,0
23615,0
35801,1
25926,1
11964,0
25991,0
13837,0
28891,1
22206,1
19687,0
14096,0
23711,0
23683,0
17001,0
13863,0
17078,1
9191,1
19636,0
24505,0
21344,0
7605,0
7606,0
15595,1
28542,0
31873,0
5068,0
4487,0
20888,0
4247,1
15806,0
19525,1
19542,0
32172,1
9941,0
7829,0
133,0
732,0
11815,0
613,0
20556,0
1446,0
28783,1
14326,0
6593,0
8296,0
11846,0
33203,1
21164,1
25605,0
29751,1
17413,0
10052,0
4538,0
21068,0
20047,1
10497,0
31556,1
22476,1
1579,0
13328,0
5941,0
25170,1
23089,0
16932,0
19491,1
9228,1
31932,0
1299,0
19418,0
7273,0
18666,1
34239,0
33856,1
15383,1
19954,0
33022,0
22040,0
10826,1
6197,0
14204,1
20544,1
7238,0
32369,1
25302,0
26612,0
20973,0
9302,0
15979,0
7564,0
23792,0
24289,1
28187,0
14101,0
8288,0
26494,0
17167,0
31399,0
6469,0
11769,1
30347,0
34606,0
4114,0
12601,0
27965,1
20936,0
12020,0
33627,0
13644,0
14990,0
9643,0
5712,0
6852,0
3732,0
1855,0
30541,0
4730,0
34396,0
19181,0
31985,0
13656,0
8913,0
11081,1
4308,0
18129,0
34772,0
15915,0
10415,0
18710,0
4096,0
18832,0
20333,0
14977,0
15104,1
35735,0
909,0
11424,0
22900,0
31659,0
12411,0
3927,0
4156,0
24626,0
1908,1
13067,0
2091,0
29240,1
20814,0
35306,0
5289,0
23896,1
15097,0
24777,1
12256,1
2043,0
32856,0
4075,0
15948,0
25079,1
21396,1
7079,0
9513,0
27188,0
36274,0
30548,0
27801,0
17833,0
34821,1
11018,1
15883,1
12794,1
33825,1
10951,0
2288,0
2485,0
2072,0
8878,0
8839,0
6381,0
5720,0
24637,1
19185,1
27852,0
16755,0
30533,0
11169,0
4946,0
1017,0
19020,0
14564,0
19443,0
1640,0
11779,1
31888,1
17284,1
10482,0
12323,0
31545,1
13487,1
27910,0
2408,0
19127,1
29911,0
13020,0
9693,0
516,0
3201,0
32040,1
17649,0
11093,1
22451,1
5005,0
20708,0
8654,0
25539,0
1423,0
2456,0
34345,0
20943,0
19114,1
36265,0
624,0
7507,0
22641,1
8594,0
12633,0
22426,0
9670,1
18764,1
30401,1
23076,0
27065,0
5459,0
27477,0
26934,1
13925,0
1872,0
7204,0
35935,0
904,0
18160,1
26296,1
32678,0
16209,0
7768,0
11800,0
21453,1
25538,1
29431,1
27752,0
20678,1
10573,0
3630,0
11827,0
33802,1
30324,1
7304,0
1065,0
36234,0
31304,1
22665,0
33749,0
7542,0
22915,1
25439,0
12377,0
20677,1
33452,1
5518,0
3437,0
29400,0
24459,1
1119,0
18153,1
31185,0
7311,0
2324,0
9606,1
2772,0
30686,1
6018,0
32103,1
7728,1
27495,0
23731,0
25452,1
5916,0
19078,0
23689,0
29329,0
23187,0
14024,0
3836,0
23673,0
21182,0
17403,0
12386,0
33683,0
35506,0
22774,0
12126,1
12049,0
15140,0
27786,1
10112,0
14497,0
1304,0
26138,1
30656,0
29376,1
33940,0
9015,1
19482,0
12147,0
16510,0
21050,0
22224,0
15407,1
8836,0
12860,0
2630,0
34610,0
21922,1
13780,1
4228,1
17428,0
22313,0
19801,1
3529,0
26837,1
5967,0
24050,0
13483,0
10063,0
23895,0
33520,0
33239,0
15519,1
14581,0
23331,0
5774,0
25374,0
13877,0
33220,0
20811,0
14236,0
7183,0
33398,1
4430,0
1831,0
35606,1
23897,0
4508,0
3340,0
24916,0
22839,0
36018,0
14176,0
22640,0
23007,1
25757,0
24218,1
23947,1
4329,0
15754,1
7633,0
26927,0
28722,1
5305,0
20201,1
30422,1
1885,0
7906,0
17952,0
16438,1
15340,0
398,0
22805,0
24654,1
22526,1
12051,0
18654,1
13663,0
33817,1
11647,1
26052,1
13458,0
1983,0
2000,0
31136,0
206,1
28754,1
7577,0
14419,0
3804,0
16754,0
13199,0
5742,0
20935,0
35552,1
16273,0
32203,1
13117,0
31144,0
22819,1
13940,0
27212,0
27602,0
15683,0
2549,0
5347,0
4768,0
3336,0
2340,0
58,1
30933,0
24675,0
8509,0
15198,1
19358,1
21279,1
19113,0
28349,0
31860,0
9304,0
32936,1
32821,1
23208,0
2529,0
430,0
11143,1
714,0
22190,1
3797,0
7694,0
11589,0
34401,1
34529,0
17567,0
23107,0
2079,1
6735,0
32454,1
25105,1
19470,0
23806,0
16250,0
193,0
30265,1
24314,0
20425,1
25420,1
34123,0
21618,1
3404,0
5247,0
4511,0
15507,0
15565,0
23597,0
19575,0
24889,1
2626,0
28177,0
3001,0
4492,0
32184,1
16521,1
29546,0
11080,1
12488,1
33850,0
4134,1
15174,0
5042,0
17650,0
13560,1
2294,0
32112,1
8643,1
28692,1
15437,1
20079,0
8868,0
444,0
7721,0
33406,1
35162,0
1278,0
32722,0
22018,0
19943,0
17082,0
21318,0
35443,0
17334,1
23292,0
26992,1
16387,0
27045,0
7752,1
32632,0
9411,1
9712,0
24794,1
8391,0
32489,0
17011,1
15584,0
20253,0
19380,0
19484,0
23277,0
27088,1
18773,1
27683,0
20107,1
21392,0
10814,0
14653,1
2558,1
10663,0
9609,1
14217,0
36144,0
23672,0
17809,0
7770,0
27005,1
26037,1
33,1
27345,1
13427,0
14952,0
36054,0
15439,1
35833,0
5263,0
11406,0
6186,0
9818,0
11247,0
12275,0
10045,1
3258,0
21199,0
7030,0
34554,0
16326,0
10217,0
214,1
20405,0
28942,1
10750,0
7346,0
34839,0
26199,0
11279,0
28667,1
24399,0
22222,1
11370,1
31558,0
34360,0
31159,0
2139,0
35740,0
3862,0
32827,0
20726,1
30755,1
18406,1
7210,0
6552,0
15093,0
6983,0
12466,0
16334,0
7168,0
35897,1
30102,1
21412,0
15618,0
482,0
418,1
28555,1
19616,0
1290,1
6439,0
16619,0
7794,0
20491,1
11131,1
23534,1
734,0
28685,0
9571,0
6183,0
32442,0
7989,0
35483,0
30888,0
3506,0
11854,0
27291,1
7199,0
35050,0
3329,0
17223,0
17628,1
10978,0
26950,0
18245,0
11747,0
10494,1
18330,0
16831,1
1081,0
5673,0
8478,0
16084,1
34531,0
28438,1
28629,0
13404,0
10857,1
12921,0
8309,0
2367,0
26029,0
2130,0
2523,0
16981,1
8063,0
6607,0
20506,0
22032,0
21337,1
24796,1
11384,0
7538,1
15035,1
5944,0
12038,0
23645,1
6775,0
22198,0
14916,0
8642,0
17044,0
13373,0
11180,0
3623,0
18564,1
6225,0
750,0
5661,0
12911,0
23978,1
24774,1
31934,0
5618,0
33914,0
26501,0
28874,0
3326,0
17255,1
28018,0
35365,0
8359,1
5089,0
24940,0
15186,0
14368,1
6420,0
17794,0
30313,1
933,0
4140,1
21906,0
8262,1
6942,0
11308,1
25050,1
6611,0
14282,0
14751,1
19767,0
21972,1
30374,0
22355,1
36115,0
18503,0
6998,0
7636,0
5478,0
14763,1
25710,1
1927,0
27639,0
16277,0
17647,0
6737,0
4353,0
32081,0
24549,1
16902,0
11895,0
10680,1
21587,0
3578,0
11952,1
8710,1
29960,0
33958,1
35670,0
32230,1
16534,0
12748,1
22432,1
12555,0
33420,1
18149,1
26817,0
28293,1
8647,0
5168,0
8808,0
21949,0
29981,0
9219,1
12010,0
9339,0
2556,0
24957,0
33767,0
2942,1
11325,1
10039,0
20922,0
27845,0
1286,0
36158,0
13620,0
20129,1
21212,0
18066,1
25154,0
29492,0
5562,0
22146,1
17415,1
24299,1
16379,0
25239,0
13126,0
817,0
7232,0
26886,0
17962,0
33747,0
22055,0
27039,0
31975,1
26381,0
6492,0
24073,1
5811,0
17502,0
33205,0
35233,0
35546,0
27701,1
34656,0
24836,0
31730,1
10577,1
34890,0
4076,0
16327,0
3072,0
17582,1
17926,1
23749,0
6685,0
17172,0
21111,0
27885,0
21896,0
16143,0
22012,0
11823,1
34866,0
7723,0
35791,0
13827,0
4776,0
14102,1
28854,0
33331,0
23141,1
29944,0
1628,0
25462,1
26351,0
9974,0
28144,0
21703,1
19688,0
26378,1
5309,0
28469,1
6002,0
24049,1
8872,0
3787,0
23730,0
16607,0
14682,0
30773,0
22481,0
19912,0
16227,1
35905,0
5697,0
32935,1
3930,0
10579,0
12113,1
8250,0
25509,1
34669,1
6230,0
23388,1
18181,0
31447,1
24270,0
33503,0
6,1
11624,1
861,0
15665,1
26566,1
9830,0
21711,1
34667,0
7485,0
4264,1
26148,1
12707,0
30838,0
17360,1
33268,0
10343,1
8286,1
25653,1
29467,0
9379,0
5589,0
15120,1
9898,0
12958,0
2499,0
16973,1
14710,1
1051,0
23541,1
27888,0
15865,0
5083,0
10879,0
316,1
29654,1
23420,1
2349,0
10603,1
11850,0
25340,0
8984,0
33425,1
31840,0
9172,0
1063,0
17522,1
9752,0
17385,1
20109,1
34490,0
29243,1
30150,0
5547,1
4870,1
29184,0
3824,1
29278,0
15153,1
20858,1
33962,1
29200,1
1496,0
10453,1
30210,1
10512,0
497,0
5477,0
7920,0
18756,1
33481,1
32501,0
34435,0
4746,0
4127,1
33424,0
24064,1
30452,1
14481,1
6301,0
28528,0
14422,0
21894,1
25902,0
2444,0
35981,0
18497,0
19135,0
15442,1
25721,1
6696,0
29690,1
6672,0
14458,0
2180,0
21581,0
9027,0
6590,0
13175,0
17242,1
33462,0
7950,0
9461,1
20075,1
34125,0
13370,0
34703,0
33267,0
7117,0
29810,0
24067,1
12009,0
33086,0
27178,0
33981,0
31050,1
18592,1
29846,0
10208,0
25099,1
28381,1
18150,1
31458,0
2803,0
13627,0
28300,0
34471,0
28127,0
16069,0
28206,1
9119,0
19492,0
35874,1
26525,0
839,0
17126,0
28075,0
3270,0
1552,0
29579,1
24038,1
15594,0
1361,0
28818,1
20487,0
123,0
14366,0
16557,0
6523,0
32393,0
10079,1
14226,1
32062,1
35142,0
6208,0
27593,1
31849,0
31104,1
17632,1
22616,1
34806,0
9644,1
4614,0
21137,0
2213,0
14328,0
11699,0
33237,1
10198,0
4629,0
21009,0
31785,0
5349,0
1550,0
6000,0
27834,0
19231,0
33872,1
12787,0
780,0
2981,0
26834,0
31792,0
20658,0
20900,1
20904,0
9781,1
12029,1
22674,1
11463,0
1837,0
33702,0
12184,0
7169,0
27893,1
25790,0
16397,0
27380,0
11237,0
33463,1
3264,0
35623,0
27420,1
16140,1
16809,0
23772,0
8909,0
31139,0
1554,0
936,1
23967,0
25742,1
14685,0
3200,0
12579,1
34644,1
28535,0
32599,1
4367,0
33137,1
30505,0
2454,0
29678,1
3478,1
23218,1
17640,0
20150,0
21886,1
29596,1
13729,1
11382,0
27948,1
7384,0
13143,0
3764,0
7634,0
9466,0
34169,1
19538,1
32831,0
14432,0
422,1
11658,0
26974,0
23793,1
11555,0
32406,0
22852,1
14416,0
16137,0
10939,0
7274,1
13513,0
34009,0
4602,0
6633,0
26586,1
4313,0
21413,0
2323,0
22588,1
28373,1
29892,0
19877,0
21080,1
18622,1
28706,1
2039,0
35078,1
2989,0
35099,0
9850,1
17143,0
22466,0
3833,0
7371,0
18009,0
17616,1
1151,0
26545,1
287,1
25267,0
26590,1
23132,1
34636,0
25191,0
23784,1
11743,0
15827,1
35282,0
25048,1
22396,1
6353,0
21750,0
13016,1
22643,1
7583,0
29906,0
30017,0
15382,0
14474,1
25632,1
22975,0
21219,0
27286,1
14015,0
25658,0
1766,0
11818,1
21678,0
28887,1
31354,0
10436,0
17197,0
2398,0
2479,0
25762,1
11445,0
20317,1
14897,1
26463,0
32851,0
22101,0
13201,0
8551,0
20870,0
34410,0
13227,0
33679,0
34361,0
14591,0
7007,0
3990,0
27836,0
30195,0
25614,0
33049,0
4562,0
35939,0
5569,1
122,1
1696,0
4640,0
24708,0
31227,1
20722,0
14313,1
29372,0
23009,1
32169,0
27182,1
18938,1
9656,0
744,0
34203,1
5507,0
29017,0
28737,0
35364,0
27055,1
29940,0
21556,0
20618,1
7922,0
12656,0
29368,0
2915,0
771,0
3641,0
8225,1
14861,1
24740,0
2585,0
20067,0
14925,0
8867,0
11163,0
26143,1
16666,0
31645,0
7762,0
35426,0
32961,0
20476,0
33413,0
15703,0
1182,0
17964,0
24002,0
11246,1
5718,0
18392,0
15349,1
15809,0
24394,0
346,0
3688,0
4775,0
14044,0
11331,0
33497,1
2216,0
6558,0
21604,0
19396,1
21060,1
1661,0
30328,1
9542,0
18279,0
25070,0
765,0
15017,0
34947,0
18229,0
11874,1
24364,1
9816,1
35430,0
20676,0
11833,1
10150,0
15469,1
24634,0
19764,0
13050,1
9330,0
8574,0
22678,0
29879,0
33915,0
29503,1
5046,0
29673,0
6874,0
5996,0
4256,1
32157,1
15626,0
24745,0
13141,0
23794,1
19332,0
32941,0
18040,0
14579,1
34101,0
21680,0
9001,1
34652,1
809,0
9247,0
20141,0
34766,0
29759,1
20378,0
1162,0
25497,1
28456,0
3752,0
644,0
22757,1
32422,0
19377,0
15286,0
15607,0
7180,0
10152,1
22760,1
11139,1
14014,1
9600,0
25807,1
24195,1
11825,0
21882,1
25487,0
31030,1
3530,0
34938,0
21747,1
14533,0
20291,1
19941,1
10280,1
17705,0
4860,0
7670,0
28183,1
13098,0
6494,0
6725,0
12725,0
28311,1
25928,0
28793,0
31367,0
32775,0
20520,1
1469,0
10529,1
23833,0
33690,0
7767,0
4123,0
31291,1
9754,0
18046,0
9539,0
28291,1
1895,0
6618,0
18268,0
12621,0
14131,0
4280,0
24159,1
13052,1
18737,0
19092,1
34234,0
794,0
29027,1
32539,0
19362,0
22107,0
29780,0
26136,1
4552,0
19651,0
23159,0
32420,0
32683,0
25445,0
35637,1
13138,0
21854,0
5796,0
17417,0
15281,1
30481,0
2075,0
6858,0
11025,1
10209,0
22766,0
29033,1
7812,0
2864,0
16195,0
23668,1
34723,0
25007,1
29571,1
24592,0
29658,0
19532,0
2283,0
10963,1
27929,1
22050,1
13771,0
24074,0
24814,1
3986,0
15385,1
7715,0
3634,0
1167,0
21390,1
19749,0
20837,1
35437,0
26976,0
7108,0
18821,0
21506,1
31205,1
19354,1
27513,0
1971,0
33114,0
25948,0
32934,0
3904,0
33020,0
188,1
13211,0
15997,0
12312,1
32836,1
35374,0
24157,0
14961,0
9014,0
30960,0
26081,1
33719,0
6413,0
3844,0
3032,0
6060,0
19763,0
16648,1
18955,0
31115,1
4189,1
867,0
8701,0
24556,1
8886,1
23482,1
12309,1
4495,0
29316,0
7050,0
15587,0
2289,0
20569,0
27008,1
7813,0
11005,0
35955,0
32794,0
9612,0
22971,1
27556,0
23750,0
32878,1
28052,0
28829,1
17046,0
16775,0
36214,0
35942,0
30394,0
34514,0
35713,0
15282,0
17151,0
33358,0
24112,0
13630,0
33211,0
25047,0
2399,0
32069,0
23578,1
15336,0
27486,1
8427,0
3044,0
33391,0
29720,0
414,0
36258,0
6670,0
7433,0
24462,1
32616,0
3603,0
23347,1
25244,0
33755,0
3356,0
24096,1
5426,0
5701,0
2460,0
25503,0
8291,0
6289,0
18477,1
33993,0
8883,0
24274,1
18266,0
10340,0
5982,0
32401,1
7357,0
11951,0
19226,1
32269,0
12218,0
7187,0
14083,0
21723,0
11577,0
33840,0
9122,0
25327,1
13803,0
5435,0
18774,1
24972,1
35055,0
26287,1
18348,0
20051,1
8852,0
30583,0
17063,0
5449,0
21577,0
2704,1
15953,1
30634,1
24121,1
30311,0
2976,0
15130,0
28578,0
15311,0
6592,0
7391,0
528,0
28862,1
21211,1
34629,1
13948,1
35299,0
28323,1
2927,0
4884,0
24351,0
5027,0
32086,1
567,0
33784,0
11666,0
28361,1
10674,0
28025,0
13578,1
22449,1
32499,0
33532,0
22769,0
19597,1
12324,0
14238,1
6421,0
21765,1
19594,0
13158,0
35144,1
32568,0
25617,1
25726,0
29446,1
22471,0
32857,1
5321,0
33353,0
8821,1
331,0
23028,1
8618,0
22480,0
1633,1
12985,0
7753,0
27413,0
30356,0
17016,0
33855,0
30657,1
36206,0
6359,0
25188,0
18366,1
23138,1
6216,0
18345,0
20840,0
8175,0
24360,0
20194,1
35823,0
31426,0
26041,0
14063,1
31781,0
13520,1
11007,1
8313,0
30320,1
24461,0
11532,0
16791,0
31432,0
18332,0
26210,1
7963,0
26377,0
23552,0
21357,0
24288,1
1204,0
11785,0
27467,0
26027,1
23246,0
29420,0
26526,0
7579,0
12186,1
17900,0
28282,1
19938,1
10196,0
5400,0
18333,1
26779,1
13855,0
10877,0
18205,1
27318,1
3376,0
24037,0
27208,0
12709,1
2695,1
23146,0
23639,1
19097,1
8451,1
31523,0
23111,0
16091,1
19614,0
1706,0
1827,0
14816,0
35047,0
14411,1
31299,0
14404,0
27097,1
24828,0
28957,1
35884,0
20882,0
13106,0
27866,1
2140,0
34932,1
24057,0
33474,0
1591,0
35006,0
22142,0
12308,1
35990,0
35808,0
32624,0
35857,0
13258,0
14575,0
31966,1
28375,1
16121,0
27985,1
5259,0
36221,0
5080,0
17711,0
14080,0
4412,0
10311,0
13365,1
15793,1
36200,1
21428,1
4445,0
30166,1
2973,0
1738,0
23191,0
32430,0
7356,0
10031,0
25569,0
26279,1
12734,0
12929,0
14656,1
1122,0
35496,0
652,0
13179,0
25516,0
36098,1
28118,0
35553,0
2546,0
9675,1
19426,1
23423,0
31229,0
6779,0
35109,0
14635,0
17277,1
21562,1
26689,0
26048,0
7814,0
30067,1
33641,0
10956,1
34415,0
32320,0
11805,0
23835,0
24460,0
11102,1
20446,0
9114,0
24863,1
8901,0
27328,1
19860,0
4057,0
17029,0
18044,0
25127,1
20345,0
12022,1
8920,0
6157,0
14401,1
15114,0
29434,1
29614,0
27837,1
20124,0
16876,0
886,0
13094,0
15167,0
27677,1
13314,1
13931,0
28602,1
4748,0
1790,0
26951,0
25409,1
23920,0
11389,0
15564,0
30352,1
2226,0
902,0
12398,0
18209,0
2872,0
20218,1
14239,0
7998,0
23148,1
19493,0
21545,0
5166,1
11204,0
33361,0
18131,0
10381,1
29419,1
5499,0
16766,0
13024,1
103,1
1242,1
3594,1
32594,0
361,0
25893,1
22663,1
13854,0
16222,1
30207,1
2377,0
12392,0
4122,1
22188,1
21017,1
29401,1
21280,1
34945,1
33718,0
23909,0
14292,1
2174,0
3725,1
4539,0
19727,0
4930,0
27938,0
31547,0
3307,0
34781,0
24529,0
14299,0
32612,0
21784,0
5842,0
28918,0
15012,0
6529,0
32989,0
30734,0
10452,0
11615,0
1375,0
181,1
33591,1
18130,0
29887,0
879,0
1507,0
17318,1
17301,1
16276,0
15958,1
33087,1
2870,0
8416,0
2327,0
9036,0
36061,0
23096,0
28149,1
2770,0
26952,1
3077,0
23320,0
13363,1
34251,0
19706,1
33154,0
13901,0
18868,1
6987,0
15801,0
4442,0
11788,0
28763,0
30179,1
24578,0
33395,1
13660,1
30193,0
24161,0
27882,1
18379,0
26748,1
30768,1
5182,0
9382,0
10653,0
20215,1
4234,0
17100,0
34957,0
382,0
36017,0
31052,1
14336,1
35590,0
5430,0
5691,0
33807,0
16499,0
34145,1
31103,1
24958,0
21468,1
3648,0
29660,1
4431,0
3042,0
3672,0
24395,1
18085,1
14010,1
31636,1
30318,1
1419,0
35793,1
22659,0
28129,0
20681,0
9510,1
15101,0
14648,1
24447,0
28543,0
3571,1
32005,0
22226,1
1116,0
11868,1
12524,0
12018,1
23843,1
19929,0
29920,0
19932,0
23636,0
18538,0
3887,0
7151,0
1760,0
18996,0
31876,1
26623,0
24748,1
33644,0
26046,1
3600,0
262,1
26060,0
27410,1
33153,0
30523,0
16486,1
8723,0
2156,1
33262,0
29849,0
13649,0
34445,0
32397,0
26061,0
11601,0
17047,0
1206,0
26848,0
12849,0
15172,0
34787,0
4155,1
32781,0
25870,1
22890,1
1774,0
20543,1
10225,0
7531,0
6488,0
16044,1
93,1
4306,0
18935,1
23939,0
33171,0
3061,0
5782,0
9711,0
29795,0
16599,1
6001,0
14245,0
12829,0
359,0
29183,1
30872,0
9953,0
23906,1
15789,1
21444,1
35997,0
23343,0
11222,0
6512,0
21457,1
22448,1
32410,1
25764,0
25096,1
26517,1
19993,0
272,1
12249,1
8037,0
10525,1
17818,1
20495,0
21627,1
1355,0
17209,1
15592,0
18126,1
18037,0
30599,1
2962,0
29683,0
12042,0
31407,1
8739,0
27961,1
5209,0
5512,0
1251,0
6811,0
25580,0
22164,1
6948,1
6968,0
32746,0
10298,0
24248,1
20030,0
7378,0
4326,0
15784,0
22063,0
22999,0
3965,0
1756,0
27535,0
13525,1
25399,0
19977,0
11243,0
4124,1
2812,0
7246,0
31712,0
18238,0
25540,0
13264,1
5757,0
4457,0
18786,0
13997,1
19207,1
31170,0
33494,0
22382,0
3216,0
25857,1
17213,0
13455,1
18458,1
25207,1
6236,0
19259,0
4164,1
21036,0
14862,0
33033,0
19710,0
35913,0
35781,1
18530,0
35098,0
35406,0
20516,0
21196,1
20857,0
26316,1
16366,0
24704,1
23329,1
20875,1
28217,1
7623,0
4979,0
30517,1
31370,0
335,0
35137,0
27972,1
1035,0
2963,0
18580,1
34578,0
13768,1
26839,0
8281,0
10283,1
29158,0
16586,1
25799,1
33233,1
24381,0
16886,0
34388,0
13390,0
35254,1
33044,0
20793,1
18064,0
963,0
28932,1
6732,0
19159,0
29416,1
15099,0
11035,0
3110,0
13922,1
33105,0
21549,0
22778,1
31866,1
562,0
26022,0
12269,0
1046,0
20694,1
1806,0
9271,0
34497,0
36094,0
13397,1
10464,0
11009,1
27515,1
10315,0
10324,0
13058,1
26002,0
4966,0
34119,1
18005,0
7525,0
6478,0
21776,0
25193,0
14777,0
16611,0
11258,0
20862,0
5643,0
13224,0
15376,1
9619,0
533,0
15389,1
944,1
26880,0
3893,0
9132,0
20272,0
1214,0
19292,0
16413,0
14084,1
23799,1
19450,1
6402,0
17263,1
21522,0
394,1
21376,0
3757,0
11907,0
23466,0
14658,1
7939,0
6566,0
17879,0
8879,0
1961,0
26633,0
5025,0
13063,0
30174,1
17576,0
5634,0
14833,1
10412,0
32407,0
8444,0
12837,1
5559,1
648,0
5362,1
33283,1
30196,1
20412,1
33905,0
24848,1
14672,1
7574,0
25280,0
26124,1
32209,1
11229,0
496,0
24155,0
186,1
2357,0
5781,0
8584,0
574,0
22185,1
35549,0
2566,0
34632,0
12891,0
34006,1
2573,0
12438,0
26872,1
15852,1
10188,1
28007,0
12585,1
8406,0
23244,0
14773,0
15208,1
28077,1
27807,0
28234,0
10912,0
35268,0
12276,1
35357,0
2819,0
13900,0
15606,0
5192,0
26967,0
8793,0
30488,1
22873,1
5065,0
13846,1
3353,0
16263,0
8104,0
3298,0
10096,0
10617,1
26859,0
1405,0
35020,0
10362,0
14899,0
17995,0
26678,0
30456,0
9526,0
27676,0
18748,1
12179,0
3909,0
467,0
18573,0
532,0
22248,0
35187,0
33612,1
15288,1
3705,0
23183,1
6604,0
9629,1
26937,0
706,0
23253,1
3115,0
9963,1
3825,0
5452,0
21860,0
13752,0
76,1
12967,0
7719,0
17618,1
33720,0
26592,0
28139,0
12359,0
32493,0
7817,0
25616,0
19134,0
31200,0
27865,1
14046,0
30602,0
32521,0
26677,0
9858,0
33333,0
34508,0
17203,0
25882,0
27771,1
29975,0
263,1
7113,0
6233,0
9275,0
18860,0
9883,0
597,0
24921,0
32314,1
3167,0
25574,0
13833,0
2641,0
30,1
6738,0
33303,1
4610,0
30512,0
33921,1
14302,0
23399,0
35422,0
1429,0
12217,0
7912,0
957,0
3420,0
12027,0
3619,0
14340,0
1312,0
1491,0
7466,0
32415,0
27506,0
11312,0
4919,0
16338,0
4327,0
26702,1
9306,0
29877,0
7166,0
5597,0
6367,0
29482,0
26185,1
28476,1
1733,0
29357,1
30222,1
11812,0
6407,0
12986,0
1928,0
3501,1
35948,0
23084,0
33808,0
29752,1
32966,0
32225,1
5952,0
25216,0
22602,0
13927,0
29575,1
23097,0
26425,1
31020,0
29991,0
21192,0
10747,0
18121,0
14586,0
26794,1
23430,0
22160,0
7291,1
23069,1
18468,1
7796,0
5647,0
15320,1
30485,0
14192,0
20262,0
19299,1
18196,1
16324,1
12763,1
18467,0
24973,1
35547,0
8981,0
3096,0
34986,0
13254,0
32148,1
8086,1
9929,1
4433,0
28844,0
36003,0
7800,0
32077,0
12024,1
5963,0
22713,1
34136,1
12889,0
34982,0
21316,1
12701,0
5293,1
31690,1
23360,1
5721,0
4288,1
26368,0
31181,1
24767,1
35989,0
8791,1
19787,0
31524,1
35246,1
23538,1
25056,0
8691,0
5529,0
17600,1
18019,0
19243,0
1032,1
2193,0
15968,1
1923,0
1565,0
23032,1
3244,0
5813,0
26314,0
30729,1
16249,0
8896,0
29986,0
12706,1
2027,0
13247,1
16446,0
18220,0
410,0
23309,0
4839,0
4132,0
30897,0
9072,1
27042,1
26601,0
19889,1
7162,0
8334,0
31086,0
22494,1
11744,1
2794,1
24308,1
12831,0
1170,1
12531,0
5604,0
672,0
28503,1
3466,0
24380,1
5667,0
23211,0
4290,1
12774,0
12945,0
32566,1
34533,0
18098,1
20613,0
21349,0
33860,0
25678,1
14445,0
29526,1
31351,0
32049,0
13791,0
8685,0
26769,0
1435,0
3241,0
26957,1
20249,0
33728,0
11439,0
25387,0
3256,0
8373,0
25647,1
3638,1
4172,1
35706,0
35861,0
26420,0
21941,0
34579,0
34001,1
19604,1
19310,0
4455,0
14704,0
1347,0
4030,0
25147,0
4633,0
35683,0
16266,1
26867,0
720,0
22305,0
17668,0
18599,0
14727,1
32815,1
3471,0
3500,0
7456,0
6744,0
20404,1
29764,1
25724,0
25036,1
5283,0
10953,0
13794,1
30069,1
34417,0
3311,0
1714,0
12539,0
18874,0
26254,0
26358,0
21722,0
28309,1
30405,1
25717,0
22974,1
4379,0
11607,1
4923,0
9240,0
657,0
23055,1
6077,0
5273,0
27748,0
7544,0
1068,0
20116,0
1475,1
22281,1
34010,0
6342,0
8521,0
9113,0
15818,0
25447,0
18411,1
18240,0
27462,1
34959,0
2476,0
12122,0
582,0
14251,0
36134,0
13867,0
20560,1
8775,0
8017,1
30644,0
18964,1
2576,0
3015,0
30987,1
7494,0
16051,0
33102,0
6515,1
4914,0
35538,0
9476,1
15710,0
13648,0
21025,1
27626,0
11441,0
30071,0
27171,0
2252,0
33023,1
19639,0
17899,0
30272,1
509,0
35693,1
27939,0
5568,0
17660,0
8383,0
323,1
18383,0
32289,0
8228,0
9710,0
13839,0
13501,1
8395,0
9494,0
32365,1
31440,1
13185,0
5151,0
26292,1
16676,0
35491,0
29601,1
5369,0
11908,0
4983,0
4229,1
16651,0
28382,1
19048,0
631,0
22122,0
9887,0
17406,1
2756,0
1891,1
20433,0
2182,0
11688,1
22256,0
4152,1
18447,1
13305,0
34883,0
11883,1
5657,0
25754,0
20970,0
1372,1
33842,1
3461,0
17922,0
28562,0
21668,1
3043,0
3931,0
4187,1
13466,0
356,1
24467,1
2114,0
9443,0
29227,0
1472,0
25071,1
3535,0
29650,1
5265,0
33274,0
17841,0
27371,0
12762,1
2869,1
10741,0
18504,1
10761,0
5935,0
23851,0
31609,1
21421,0
5798,0
14476,0
9488,1
28155,0
9430,0
34880,0
23704,1
1746,0
3309,0
21152,0
14420,0
10070,1
27260,0
28938,0
18864,0
15758,0
3154,0
10220,0
2272,0
19327,0
27714,1
20301,1
18618,0
28451,1
26998,1
8056,1
9836,0
23323,0
31125,0
27200,1
21363,0
15225,0
6601,0
19790,0
9713,0
3966,0
33889,0
3286,0
12549,0
18617,1
19158,0
30021,0
7004,0
28622,0
1815,0
18784,1
29556,1
8562,1
26613,1
31559,1
803,0
5806,0
31610,1
22328,0
4447,0
27436,1
30856,0
15102,0
20656,0
6013,0
426,0
3024,0
14412,0
30254,1
31046,1
3598,0
17433,0
16954,0
24999,0
11420,0
19610,1
19451,0
35290,0
16454,0
24012,0
9689,0
27648,0
12966,0
14888,0
15802,0
9294,0
11965,0
13129,0
30951,1
10123,0
31613,0
27314,0
8672,1
9420,1
19076,1
34840,0
18668,0
22538,1
30079,1
35828,0
11363,0
7243,0
8004,1
4192,0
10969,0
3368,0
5437,0
12320,0
10737,0
28249,1
20329,0
21874,1
17704,0
2406,0
19453,1
34282,0
26135,1
10456,0
21974,0
24683,1
35474,0
1053,0
5610,0
12015,0
4100,0
12699,0
19834,1
16485,0
25426,0
26389,0
7047,0
4500,0
4800,0
25588,1
15073,1
11290,1
26855,0
21405,1
940,0
22300,0
5590,0
13436,0
33861,0
4512,0
24285,0
33893,0
16434,1
8714,1
22963,1
11619,0
13261,1
16767,0
25051,1
36120,1
18258,0
22845,0
28286,1
8789,1
24494,0
13642,0
13131,1
26461,0
28211,1
8604,0
13496,0
16185,0
35992,0
6518,0
31961,1
6114,0
25467,1
6843,0
12391,1
7001,0
34317,0
387,0
8146,1
36210,1
12408,0
6873,0
30494,0
17944,1
24631,0
16116,0
1816,0
21391,1
18165,1
29956,0
19524,1
24406,0
2979,0
12371,1
33112,0
23755,1
3939,0
23337,1
6078,0
27198,0
21656,1
7946,0
31242,0
5833,0
11095,1
24636,0
25585,0
28489,1
11386,0
13592,1
23604,1
22491,0
3074,0
25067,1
24641,1
859,0
8068,1
6733,0
1079,0
13095,0
13917,0
8320,0
32473,1
20190,1
1445,0
31814,0
2954,0
1577,0
23228,0
17534,0
1850,0
6741,0
25075,1
1841,0
1638,0
15405,1
24295,0
34082,0
19410,0
25003,1
10667,0
1625,0
4398,0
24259,0
4112,0
4147,0
16433,0
33405,0
9162,1
16045,1
6005,0
29833,0
813,0
8045,1
31643,1
26084,1
3303,0
30200,1
21704,1
2439,0
22521,1
8698,0
25367,1
6442,0
6360,0
30899,1
24495,1
25166,0
31979,1
13524,0
17984,0
12338,1
26991,0
32653,0
24466,0
26322,0
24878,0
11655,0
24136,1
30169,1
12124,1
1208,0
935,0
28242,1
36130,0
23625,0
15331,0
18062,0
5611,0
20184,1
34749,1
22125,0
3972,0
25596,0
25315,1
14691,0
36164,0
16751,0
19752,0
16207,1
13121,1
21160,0
2849,0
3577,0
24559,0
22457,1
18647,1
10996,1
13874,1
16624,0
20617,1
10699,0
18103,1
18023,0
13711,1
33058,1
23324,0
4323,0
11433,0
2815,0
22840,0
9824,1
25451,0
28448,1
773,0
9026,0
16780,0
31202,0
20648,0
16819,1
8321,0
29907,0
35566,0
31133,0
17825,1
35719,1
17249,0
25484,0
29064,0
2940,0
4916,0
18449,1
2762,0
10223,1
21112,1
23746,0
10892,0
8923,1
26338,1
6617,0
16544,0
33613,1
17299,0
9672,0
29447,1
32667,0
21785,1
20467,0
14626,0
12799,0
32276,0
3221,0
21579,0
5823,0
16204,0
28136,0
12584,0
1516,0
19677,0
15681,0
1839,0
15334,0
2726,0
7138,0
627,0
27604,1
11727,1
17062,1
33954,1
8165,0
617,0
29371,0
1123,0
13951,0
20650,0
24677,0
14940,0
32016,0
27880,1
1256,0
20469,0
25795,0
4808,0
18481,1
16991,0
29568,1
23838,1
15087,0
32900,0
30614,0
4714,0
24598,0
11134,0
24977,1
13040,0
13910,1
1996,0
20472,0
16714,1
15580,0
35634,0
10127,0
11449,0
31486,0
34961,0
6755,0
26225,0
30605,0
18465,1
34492,0
21232,0
18731,0
17024,0
31991,0
8222,0
27650,0
32627,0
9837,0
32844,1
29465,1
24129,0
10763,0
7833,0
35400,0
17706,0
10991,0
36025,1
20064,1
15278,1
18454,1
31789,1
26627,1
13472,1
11212,0
33699,0
5031,0
22335,0
11968,1
7233,0
17344,0
8532,0
22961,1
1078,0
33447,0
24839,1
29171,0
5302,0
4676,0
31637,0
10012,0
23501,1
21419,1
21707,0
22923,0
24477,0
2893,0
5521,0
22430,0
33066,1
34343,0
15532,1
17802,0
3792,0
2588,0
1553,0
26207,1
9625,0
21013,0
17610,1
7052,0
35120,0
10591,0
11736,1
28799,0
30286,1
3940,0
31631,0
31531,0
18621,1
5130,0
341,0
1967,0
3785,0
7292,0
35867,0
13684,1
4477,0
4161,0
19151,0
14038,0
5385,0
7697,0
21639,1
10742,0
30695,1
27787,0
2082,0
8085,0
29868,0
35043,0
4696,0
10798,1
10307,0
13092,1
10312,0
11656,1
25109,0
15832,0
7656,0
2129,0
18968,0
17266,1
33709,0
27243,1
18637,0
30865,1
12270,0
33830,0
2070,0
5899,0
4184,0
6906,0
18520,1
4265,0
17019,1
35807,0
28331,1
23215,0
12736,0
7997,0
35007,0
27400,1
34733,1
12955,0
18630,1
13517,0
20000,0
30024,1
29173,0
11337,0
10160,0
17688,0
8733,0
18466,1
3514,0
35453,0
5481,0
19947,1
18184,1
19545,1
16658,0
30029,1
26792,0
32286,0
21524,1
13999,0
29331,0
8319,1
35768,1
269,1
33653,0
29507,1
26230,1
33616,0
26938,0
27143,0
4834,0
14681,0
27428,1
33140,0
30675,1
32906,1
34448,0
15124,0
6844,0
11989,1
34819,0
28130,1
6009,0
22996,1
3670,1
3729,0
10055,1
7821,0
5936,0
29187,0
881,0
29768,1
7018,0
22658,0
7867,0
34770,0
30084,1
28119,0
28553,1
34173,0
33442,1
29123,1
989,0
35860,0
9028,0
7124,0
288,1
29163,0
22728,0
3133,0
13532,0
6211,0
8137,1
31703,0
8001,0
18145,1
374,0
21810,0
3557,1
677,0
26641,1
15685,0
7385,0
7738,1
33800,1
1093,0
33647,1
17851,0
23857,0
13645,1
16871,1
5903,0
4369,0
25343,0
1340,1
19758,0
9979,0
35452,0
10548,0
1886,1
3320,0
27951,0
8556,0
25665,1
19742,0
16086,1
17753,1
5871,0
2458,1
5863,0
13283,0
25979,1
24532,0
20113,0
32495,0
27022,0
33256,0
1676,0
18024,0
11539,1
10662,0
16958,1
25848,1
29201,0
11372,1
4,0
28944,1
25722,1
17682,0
16860,0
9303,1
18852,0
33583,1
8746,0
16793,0
9373,0
620,0
11431,0
33373,1
35229,0
32738,0
11077,1
30358,1
2565,0
25788,1
4510,0
33217,0
27761,0
23038,1
23900,1
7864,0
13519,0
15033,0
19940,1
13998,0
28977,1
30785,0
15526,1
13811,0
31922,0
20286,1
8903,0
12215,0
18492,1
27285,1
13991,0
4302,0
19946,0
13396,1
29730,1
6149,0
33789,1
5986,1
20318,0
22199,1
22851,0
962,1
22444,1
27078,0
18156,1
8024,0
18889,0
26843,1
4836,0
22094,0
22580,1
375,1
11552,0
15118,1
8735,1
23964,1
3773,1
3629,0
10816,0
3728,0
21496,0
14325,1
23426,0
673,1
24433,1
15269,0
16779,1
22703,0
11172,1
29277,1
5047,0
8048,0
12776,1
5672,0
6894,0
23563,0
2137,0
22554,1
13290,0
18910,0
31194,1
309,1
19200,1
32905,1
36052,1
18995,1
11269,0
24113,0
14694,1
30305,1
27163,1
31640,0
8388,0
11746,0
27902,0
14284,0
29246,0
31829,0
34095,0
15156,0
35318,0
810,0
21558,1
28999,0
8766,0
13324,0
27379,0
22783,0
25883,0
27167,0
11189,0
3677,0
29190,0
8797,0
9387,0
13383,0
32056,0
1707,0
13930,0
1049,1
866,0
30333,1
21311,0
18425,0
33369,1
28759,1
24441,0
4089,0
775,0
18683,1
22409,0
27389,0
9408,1
5639,0
8403,0
5680,0
3443,0
11398,1
2176,0
7012,0
18286,0
9445,0
14352,0
1467,0
33077,0
9899,0
10899,1
5772,0
5687,0
846,0
1320,0
118,1
17207,0
30509,0
18905,1
19250,0
1067,0
31697,1
31175,0
22752,0
16937,0
15347,1
2009,0
9585,1
6995,0
5826,0
7412,0
1108,0
21614,0
13902,0
3996,0
84,1
18107,1
21500,1
11976,1
29350,1
33936,1
19344,1
3519,0
33589,1
10084,0
33124,1
8140,0
768,0
21915,1
30455,1
3385,0
99,1
17493,0
31672,0
19580,1
23306,0
25782,1
15804,0
32928,0
16490,0
25162,0
4435,0
20170,0
29938,0
5125,0
31044,0
34308,0
35339,0
7405,0
33678,1
13352,0
19508,1
1039,0
32710,0
24888,0
33794,1
19605,0
18596,1
6863,0
32744,0
8234,0
18164,0
9921,0
27518,1
34923,0
27616,0
26668,0
20232,0
17382,1
22620,1
1840,0
32188,1
33229,0
472,0
15855,1
441,0
13344,0
595,1
23220,1
2974,0
33027,1
32344,1
32550,0
5663,0
26144,1
23716,0
8580,0
35818,1
10318,0
15641,0
33285,1
8152,0
19601,0
15557,0
19309,0
21090,0
29902,0
25438,1
12337,0
1543,0
20043,1
29968,0
9066,1
24771,0
26315,0
21584,0
5009,0
27530,1
8949,1
18189,1
15199,0
17832,0
24138,0
15608,0
17501,1
31362,1
29729,1
2166,0
4129,0
17516,0
3565,0
29056,0
29908,0
12166,0
14288,1
34135,0
11802,1
2886,0
11921,0
11760,1
15874,0
7434,0
10009,0
21227,0
8344,0
13030,0
26908,0
15006,0
3885,1
12188,1
21359,0
33818,1
23449,1
33929,1
15947,1
28484,0
26741,1
15045,1
32371,0
6753,0
33944,1
28227,0
6285,0
6378,0
19655,1
12490,0
23576,1
5980,0
10624,0
23206,0
27890,1
34264,0
16796,0
34217,1
22459,0
2909,0
15490,1
34701,1
7334,0
31296,0
19628,0
11156,0
12334,0
22860,0
15007,0
31949,0
26309,1
22359,1
17597,1
35769,0
17247,1
29943,0
1865,0
26973,0
9289,0
9078,1
15014,0
16034,0
674,0
17034,0
35527,1
24730,1
34515,0
6172,0
32980,0
10399,0
13394,0
4869,0
21897,1
7350,0
5807,0
14796,1
31088,1
30088,0
9604,0
17441,0
9583,0
28852,0
17735,0
16623,0
32019,0
25863,0
18100,1
29667,1
24226,1
9993,0
33007,0
9661,1
25986,0
2105,0
9069,0
13081,0
23763,0
3310,0
10649,0
5517,0
16564,0
33759,1
21601,0
1822,0
25990,1
7091,0
32414,0
24752,1
2749,0
25054,0
25233,1
17367,0
3868,1
7944,0
30902,0
20877,1
19649,0
32911,0
2346,0
24963,0
33011,1
14276,1
8837,0
26747,1
12523,0
1780,0
11149,1
5582,0
27094,1
13398,0
12107,0
30529,0
4335,0
9756,0
20466,0
2165,0
13764,1
1630,0
17585,1
23917,0
29073,1
28024,1
19393,0
19021,1
34619,0
5416,0
23054,0
22179,0
10036,1
22287,0
24486,0
3289,0
11987,1
27764,0
2593,1
20691,0
520,1
787,0
16620,0
5943,0
11225,0
30823,1
22867,0
32917,0
15678,0
30050,1
3968,0
26786,1
19103,1
14953,1
19721,1
21475,0
4820,0
21214,1
26098,1
24338,1
15654,0
1708,0
8134,0
31335,0
20049,1
14466,0
23475,0
16548,0
33994,1
12313,0
24923,0
11329,0
11410,1
11061,1
14145,1
23633,0
20094,1
13875,0
26196,1
29016,0
28472,1
9050,1
21451,1
13125,1
4093,0
1623,1
28809,1
29147,0
7714,0
5658,0
5519,0
21386,0
22875,0
25657,1
30993,1
22902,0
29704,1
33798,0
28523,0
6930,0
6621,0
26262,0
27404,0
34450,0
16762,1
2267,0
27625,0
26887,0
31306,1
5654,0
7031,0
32523,0
1941,0
33118,0
28863,0
21276,0
13479,0
25311,0
22545,1
24212,1
13043,0
11230,1
18484,1
34926,0
8216,0
23603,0
34187,0
9450,0
21852,0
19506,0
32377,1
7691,0
15774,0
14433,0
24587,0
24238,0
30177,0
35734,1
32124,1
12369,1
34794,0
16104,0
30766,1
20036,1
19300,1
11454,1
4071,1
24088,1
26051,0
15642,0
18355,0
21120,1
7345,0
10898,0
23549,0
19778,0
26988,1
31978,1
2816,1
15734,1
16848,1
14280,1
2609,0
11251,0
5749,0
5067,0
4796,0
16006,1
7186,0
4882,1
4324,0
19146,1
2650,0
5176,0
27195,1
22356,0
14108,0
2061,0
28344,0
20479,0
9185,1
29310,0
20014,1
21630,1
28570,0
10647,0
20649,1
2574,0
2562,0
14283,0
12859,1
23197,1
20032,1
24713,0
16467,0
26145,0
25411,0
3556,1
21538,1
25045,1
3084,0
28481,1
14611,1
21180,0
3260,0
25103,0
6756,0
9860,0
35105,0
15155,1
17037,1
29209,0
12593,0
14571,0
9977,0
5135,0
19098,1
29639,1
21956,1
15304,1
2422,0
13470,0
3827,0
18775,1
26215,0
968,1
29666,1
4703,0
27021,0
30314,0
19516,1
7058,0
10625,0
15255,0
29404,0
26759,1
31450,0
26539,1
4960,0
12463,1
25371,0
3360,0
34754,0
30180,0
22085,0
9226,1
28402,0
32502,1
24996,1
14973,0
16362,1
21665,0
18102,0
7145,0
4086,1
569,0
27693,0
32258,1
14290,0
18018,0
25153,0
16500,1
22093,0
33795,1
10386,0
8575,0
33039,0
12498,0
22895,1
9126,1
2778,0
32904,0
27876,0
20705,0
10962,0
24140,0
31569,1
23373,0
33594,1
35971,0
32860,0
4542,0
2903,0
19732,0
26388,0
21947,1
0,1
30942,0
17536,0
31593,0
27812,0
13959,0
16578,0
18224,1
21648,1
24004,1
18962,0
17224,1
707,1
33659,0
28089,0
28708,0
453,1
6876,0
21097,0
7941,0
28428,1
2750,0
19272,1
32191,1
1605,0
30558,0
21377,0
23448,1
11438,0
1075,0
23154,0
15543,1
6382,0
25029,0
7270,0
26801,1
19059,1
25017,0
13767,0
10301,1
17161,1
8630,0
22952,1
32461,0
28316,0
28550,1
26645,1
21086,1
33232,1
33877,1
8632,0
31218,0
27818,0
2322,0
26397,0
26958,1
12161,0
9859,1
15762,1
26092,1
6634,0
23411,1
19041,0
16980,0
31473,0
12685,0
32875,0
9645,0
1201,0
10605,0
34576,0
27107,0
9827,0
28517,1
35497,0
28422,1
25117,0
2356,0
32292,0
36076,0
35036,0
31151,0
30090,0
25465,1
35556,1
19523,0
18401,0
10689,1
33665,0
20305,1
27793,0
29767,1
8554,0
2586,0
26961,0
6616,0
29609,1
33863,1
17472,0
6446,0
7133,0
31727,1
19488,1
16850,1
16749,1
17683,0
7107,0
22081,1
6188,0
11502,0
29762,0
9249,1
30611,1
27712,0
29715,1
35840,0
4736,0
502,1
24009,0
22813,0
3279,0
31739,0
2830,0
30194,0
3595,0
1648,1
21030,0
27900,1
25743,1
29212,0
2960,0
4892,0
14967,1
16887,0
15049,1
23609,1
629,0
3759,0
10901,0
8123,1
26803,1
25983,0
10193,0
5541,0
36116,0
15019,0
5127,0
11554,1
7383,0
11392,1
3414,0
22885,1
12872,0
29149,1
35336,0
12363,0
22111,1
16424,0
35816,0
35630,0
8841,0
12251,0
30143,1
8452,0
23385,1
22308,1
8875,0
3574,0
7834,0
21105,0
1373,0
11040,1
13500,1
9927,0
20092,1
31679,0
33168,0
8898,1
30486,0
4631,0
21552,0
31755,1
23530,1
24176,1
24514,1
11399,0
30820,1
4486,0
18148,0
35515,1
11770,0
21998,0
7267,0
29230,0
32298,0
30395,0
34507,0
10709,0
27645,0
5421,0
29840,0
32805,0
32660,1
285,1
13420,1
31754,1
3208,1
6929,0
29641,0
1139,0
6291,0
10361,0
26717,0
30981,1
11691,1
9044,1
32440,0
1520,0
35873,0
21007,1
26666,1
4318,0
16736,0
7360,0
28354,1
17467,1
22394,1
1836,1
17438,0
28536,0
22784,1
8910,0
5057,0
9349,0
11875,0
9141,0
2162,0
28499,1
19713,0
32060,1
31055,1
31933,0
27046,1
35108,0
28690,1
7643,0
24585,0
7653,0
5684,0
6094,0
2194,0
8379,0
6973,0
16107,0
32537,0
12023,0
14064,1
9934,0
16983,0
23299,1
2691,1
22259,0
27911,0
14917,0
34864,0
91,1
5211,0
18907,0
32715,1
8506,0
8111,1
26789,0
8596,0
28946,1
34188,1
27003,1
11682,0
24326,0
19917,0
22502,0
20008,1
5552,0
21029,0
21534,0
6757,0
30159,1
14469,0
6697,0
23535,1
15833,1
22707,1
25068,1
26216,1
26177,1
24281,1
31082,0
29483,1
34793,0
2117,0
19257,1
23584,1
4316,0
18780,0
34837,0
19394,1
8398,0
25671,0
22786,0
7130,0
28115,1
21658,1
20732,1
9296,0
34011,0
12768,1
12108,1
21352,1
10338,1
7032,0
32429,0
9091,0
29343,1
26224,1
14744,0
14311,0
33198,1
33338,0
15234,0
23705,1
11328,0
4817,0
21966,1
4518,0
24544,1
18631,1
13245,0
19663,0
26345,0
29850,0
17714,0
12268,0
16482,0
9255,0
15521,0
12954,0
26767,0
18834,0
17860,0
22472,0
7513,0
31946,1
1925,0
18793,0
29724,1
24107,0
35922,0
2031,0
22862,0
9820,0
5184,0
15549,0
8680,1
34540,0
24457,0
32985,0
11224,0
27663,0
28153,1
34782,0
34283,0
19888,0
18242,0
33367,0
32418,0
22631,0
3399,0
912,0
11669,0
1198,0
4937,0
4371,0
2471,0
15645,0
15714,0
14630,0
19388,1
19184,0
22953,1
20693,0
24687,1
16913,1
23001,1
35252,0
12651,0
5762,0
16423,0
24070,1
28565,0
4572,0
1627,0
8712,0
25835,0
14683,0
32848,1
7363,0
30160,1
14937,0
6655,0
8067,0
27091,1
14509,0
429,0
27037,1
7924,0
23432,0
20039,1
18896,1
33476,0
26995,0
32366,1
16183,0
10568,0
12765,0
9396,0
3180,0
16642,1
17485,0
26703,0
6248,0
34090,1
17165,1
14186,0
20930,1
17895,1
22928,0
21281,1
15627,0
26134,1
7418,0
9915,0
34181,0
30137,1
7258,0
7996,0
7811,0
20634,0
12980,1
18013,0
31795,1
21252,0
6596,0
33133,1
30643,0
2276,0
3645,0
14818,0
3508,0
21505,0
23729,1
8525,1
34963,0
29079,1
7221,0
7740,0
9386,0
23782,1
32901,0
23945,0
19339,0
30484,0
3228,0
22330,0
29626,1
36139,0
20060,1
29861,0
18850,0
26527,0
19266,0
33467,0
18657,1
17244,0
5777,0
31572,1
10058,0
1695,0
14244,0
17179,1
12321,0
1904,0
17579,0
30606,1
5254,0
22530,1
7787,1
1526,0
23491,1
22799,1
6794,0
31786,1
3576,1
138,0
19564,0
28121,1
9239,0
32108,1
27505,0
1295,0
12239,0
36174,0
4904,1
12576,1
10011,0
22874,0
16535,1
12373,1
13339,1
27155,0
22230,0
13962,1
27164,1
2941,0
20327,0
28425,1
15634,0
18789,1
34859,0
11716,0
12293,0
28240,1
30588,0
26035,0
15192,1
503,0
10975,1
23152,1
29930,0
15138,0
11904,1
33624,1
27353,1
29855,0
30459,0
33471,1
2515,0
8000,1
34600,0
833,0
8845,1
19847,0
12177,0
18708,1
9893,0
18672,0
32336,0
24656,0
23240,0
6148,0
31137,0
2482,0
28230,0
226,0
32695,1
18669,0
28194,0
25152,0
28875,0
29741,1
8815,1
33179,1
21005,0
24343,1
6663,0
16323,0
8007,1
17102,0
6727,0
33696,1
33542,1
14663,0
23490,1
5327,0
9338,0
31442,0
7429,0
6676,0
16763,1
32048,0
16565,0
30451,0
5570,0
23930,0
22129,0
30688,1
36065,0
15145,1
3822,0
3442,1
12569,0
11227,1
35542,1
19830,0
347,0
30413,0
21899,1
15009,0
15480,1
4194,1
22243,1
20278,0
20066,0
19305,0
32002,1
31060,0
13332,0
18498,1
4681,0
20921,0
21231,0
4700,1
23954,0
2370,0
9508,1
3994,0
13568,1
28148,0
13674,0
26610,1
12567,0
19918,1
32872,0
29342,1
25505,0
35161,0
12382,0
717,0
25022,0
365,1
22367,0
6862,0
85,1
6910,0
15115,0
24042,0
7225,0
8160,0
29388,1
19164,0
11795,0
15168,1
21283,0
34151,1
32687,0
15455,0
27539,0
22169,1
18370,0
21970,0
5210,0
20562,1
7497,0
14896,0
19501,1
13260,0
29695,1
32332,0
18888,1
16360,1
14499,0
33742,0
6325,0
14717,1
25581,1
55,0
6217,0
30182,0
25936,0
34541,0
23550,1
5097,0
12537,0
8015,1
3974,0
26731,1
6393,0
16918,1
24146,0
5889,0
357,0
14253,0
20508,0
15353,0
30522,0
27768,0
1164,0
9938,0
11010,0
31036,1
18740,0
13000,0
5924,0
33885,0
20803,0
29869,0
33465,0
10957,1
4037,0
35732,0
18143,1
21844,0
15075,0
34252,1
36188,0
32478,1
14674,0
24773,0
26457,0
11063,1
23956,1
28640,0
10764,0
19910,1
32030,0
23568,0
11480,0
9354,0
23987,0
21608,1
31639,0
21902,1
9371,1
24718,0
1105,0
3232,0
30158,1
5040,0
11215,0
10618,1
18215,0
35530,1
11201,0
7408,0
14100,1
12516,0
18356,1
16319,0
16668,0
34023,0
7141,0
14996,1
13776,0
36262,0
35390,0
8769,0
11991,0
14693,1
7673,0
3027,0
22527,1
24885,0
35550,0
13963,1
19193,1
18109,1
22149,0
18703,0
9314,1
15297,1
35809,0
31900,0
29301,1
9787,1
22098,0
34233,0
31089,0
31430,0
5890,0
31014,1
608,0
27987,0
31551,0
5199,0
29535,0
22559,0
28812,1
5164,0
7635,0
876,0
34997,0
5965,0
8097,0
10455,1
36198,0
2525,0
20529,0
24806,0
15316,0
807,0
17235,1
21833,1
4044,0
16790,1
622,0
35795,1
25167,1
30598,0
33837,0
13836,0
14890,1
15871,1
14664,0
12427,0
18251,0
26943,0
22510,1
34110,0
6573,0
19884,0
25964,0
12718,0
34849,0
23573,1
36147,0
34185,0
8777,0
2580,0
7046,0
33871,0
25537,0
29603,1
2113,0
21295,0
15889,1
15653,1
6180,0
23492,1
14972,0
28289,1
24001,0
23150,1
31521,1
22078,1
19301,0
23431,1
13405,1
28470,1
26944,1
26551,0
290,0
34513,0
6536,0
10717,0
25597,0
15489,1
26693,0
454,0
19647,0
3189,0
31971,1
22440,0
33231,1
17138,1
15597,1
36233,0
26683,0
33999,1
34305,0
20577,1
8911,0
16445,0
11792,1
20233,0
19959,0
27361,1
23031,0
30705,0
22297,0
16487,0
9886,0
29330,0
26533,1
11071,0
32476,0
11305,1
15100,0
13618,0
21676,0
22386,1
34877,0
15237,0
5366,0
29062,0
33400,0
12160,0
23352,0
29753,1
29457,1
8481,0
16004,0
28111,1
28037,1
32238,1
15516,0
2023,0
4995,0
31788,0
33509,0
7943,0
30260,0
9184,0
29826,0
20358,1
9773,0
14265,0
1602,0
27751,0
26317,0
6751,0
21416,0
2044,0
26266,0
2684,1
9870,0
9913,0
10769,0
28068,0
26981,1
19586,0
4026,0
25205,0
19547,1
4852,0
30647,0
4824,0
29026,0
31582,0
16206,1
10227,0
7164,0
9907,0
33210,0
7480,0
33565,1
238,0
21912,0
32893,0
3030,0
5465,0
4925,0
31868,1
36028,0
21176,0
21600,0
22284,0
1747,0
30382,1
901,0
3680,0
28661,1
13633,0
31499,0
12290,0
11988,1
5607,0
19949,0
14867,1
7019,0
27250,0
1889,0
30870,0
34817,0
507,0
31182,0
30077,0
16275,0
5285,0
11996,0
28023,0
16952,1
11306,0
30540,0
26008,0
23700,0
1612,0
8447,0
25635,1
15914,0
32364,1
17058,0
18213,0
11797,0
31982,1
28444,0
31410,0
20383,1
29672,1
24621,1
25571,0
17596,1
17593,1
31446,0
9960,0
34073,0
6537,0
3352,0
35982,0
6017,0
5417,0
10289,0
20225,0
11879,0
35927,0
14811,0
1349,0
23613,1
4373,0
14146,1
31621,0
25873,0
21439,1
8695,0
24390,1
14134,0
26126,0
22870,1
2184,0
31709,0
32752,0
8975,0
2868,1
30560,0
35739,0
32447,0
21247,0
13048,0
31514,0
27850,0
27471,1
13515,0
17290,1
3750,0
32673,0
7860,0
26174,1
23339,0
28205,0
22269,0
28819,1
14289,1
14464,0
17571,0
33582,1
2935,0
18427,0
17742,1
33500,1
4697,0
35513,1
513,0
16325,0
860,0
23043,0
15433,1
1759,0
13286,0
16060,0
30411,0
23698,0
17188,0
14143,1
2800,1
3475,0
5740,0
2453,0
1477,0
6896,0
7773,0
18086,1
6044,0
13348,0
27666,0
22555,1
32575,0
16936,1
8963,1
5154,0
7978,1
35255,1
3039,0
14679,1
33672,0
586,0
20289,1
10942,1
15990,1
29636,0
35512,0
1045,1
11339,0
19581,1
10966,0
19341,0
20957,1
35879,0
25256,0
25359,0
14205,1
4690,0
27398,0
12265,1
20392,0
28978,0
26881,1
22584,1
35041,0
34281,0
24931,1
19089,0
8129,1
21850,1
1981,0
20873,0
20573,1
19061,1
7218,0
14495,0
26597,1
6627,0
3452,0
30187,0
17973,0
21361,0
29763,1
1457,0
8038,0
1243,0
33080,0
23988,0
3481,0
23592,0
20998,1
24536,1
30799,1
9964,0
1531,1
34365,0
18913,0
11864,0
14815,0
27531,0
6707,0
32114,0
15989,1
25077,0
22415,1
27733,0
22628,0
11460,0
28114,1
3490,0
3612,1
34764,0
15226,0
13369,1
5984,0
16787,1
12876,0
14206,0
27687,1
1930,1
22835,0
16970,0
17540,1
8635,0
10614,0
7390,0
8381,0
18080,0
21433,1
33064,1
28683,0
5157,0
21342,0
28943,1
27136,1
1254,0
11723,1
1459,0
25132,0
125,1
13362,1
1085,0
832,0
31909,1
27224,1
32772,0
2734,0
31097,0
15082,1
12247,1
6516,0
7406,0
24717,1
23019,1
19591,0
22724,1
33108,0
35256,0
1253,0
15221,0
25623,0
1297,1
9603,1
32237,1
25933,0
5060,0
26094,1
296,1
4764,0
15308,1
28107,1
15523,0
18450,1
35863,0
8082,1
6513,0
11663,0
14398,0
20276,1
17375,1
2674,1
22543,1
29693,0
1856,0
2826,0
19826,1
26997,1
240,1
11253,0
16941,0
23726,1
30184,1
29157,1
20985,0
27287,0
18006,1
24920,1
14699,1
24015,1
1003,1
3259,0
7625,1
14275,1
17586,0
3995,0
30516,0
34631,0
19788,1
28411,1
7616,0
32102,0
11592,1
34680,0
10081,0
19694,1
15227,1
21473,0
8390,1
27966,0
4868,1
12054,1
4567,0
34804,1
937,0
29484,0
2337,0
34826,0
12618,1
23692,1
24714,0
18930,0
7013,0
9282,0
24105,0
3350,0
17085,0
34538,0
31016,1
18219,0
21651,1
8008,0
22910,1
28081,0
9315,0
35045,0
24734,1
10504,1
34943,1
35475,0
29288,0
35757,1
20196,0
13829,0
15055,0
8434,0
24866,1
19015,1
237,0
26241,1
17770,1
13038,1
13526,0
32452,0
544,1
18402,1
28245,1
4682,0
6997,0
25400,0
15831,0
33876,0
21381,0
5722,0
1171,1
12183,1
9490,0
8375,0
25507,0
26694,1
3108,0
2118,0
22950,0
35191,0
231,0
8346,0
11196,0
30896,0
5524,0
15605,0
116,1
11831,1
13775,0
32197,1
633,0
1369,1
27135,1
16896,1
11881,1
12728,1
13691,1
25331,0
13534,0
969,0
1274,1
12767,0
28084,1
34594,0
7289,0
24791,1
32470,1
23643,0
59,1
4994,0
13907,0
2496,0
15708,0
5326,0
16452,0
3054,0
15094,0
11806,0
24906,0
30033,1
24141,0
31761,1
25981,1
6158,0
29272,0
8243,1
18155,1
35222,0
12459,0
2147,0
9109,0
18878,0
25461,1
23061,0
19296,0
24214,1
3899,0
5975,0
25772,1
10176,0
9155,1
20576,1
26076,1
28065,1
28735,1
9199,0
29980,0
34691,0
8993,0
34286,1
655,0
2245,0
5716,0
9098,0
6323,0
4671,0
718,1
1964,0
127,0
13858,0
15652,0
16975,1
10989,1
7399,0
6579,0
27991,0
15663,0
17097,0
30750,1
7960,1
14378,1
31883,1
1120,0
13635,0
13604,1
4949,0
15544,1
18524,1
32711,0
2543,0
17612,1
8492,0
25818,1
3599,0
35870,0
31784,0
14355,0
17892,1
34078,0
32658,0
27121,0
25517,0
24444,0
5374,0
33539,0
9803,0
35661,1
3162,0
15646,0
8027,0
14088,0
6628,0
6631,0
22239,0
9954,0
26320,0
17454,0
34474,1
11242,1
9164,0
1574,0
33043,0
11781,0
28027,0
28164,0
33209,0
28392,1
24436,0
17702,0
7928,0
1629,0
19707,1
4059,0
12632,0
26571,0
31011,0
15670,1
6510,0
8411,0
22046,0
1829,1
5468,0
26862,0
33964,0
8765,0
16316,0
33891,1
14649,0
19202,0
17068,0
28019,0
16866,1
1181,0
29390,0
20981,0
23025,1
31685,1
5158,0
30638,1
19670,1
26736,1
11562,0
10310,0
7503,0
12596,0
2134,0
6971,0
34693,0
21255,0
28896,0
33036,0
9432,0
34247,1
9682,0
16582,0
17251,1
7968,0
36029,0
30445,0
21053,0
24515,1
22737,1
1869,1
32664,1
22704,0
10970,0
20106,1
24498,0
11993,0
15698,1
27145,1
3383,0
33189,0
29099,1
22708,0
4978,0
16463,1
30835,1
24887,1
36261,0
16155,0
82,1
23227,1
14279,0
21968,1
35665,0
16903,0
32185,0
3738,0
16097,0
5627,0
6799,0
17023,0
35502,0
25214,1
34402,0
35088,0
9983,0
32342,1
14413,0
17286,1
1585,0
20518,0
12227,0
30911,1
12879,0
16400,0
28270,1
25755,1
13074,0
7321,0
35829,0
18336,0
17814,0
2133,0
5356,0
3148,0
15836,0
16287,0
35819,0
10940,0
12248,0
10076,1
23186,1
8743,0
19064,1
18339,0
27330,1
30818,0
10297,0
4291,1
864,0
27692,1
31069,0
6441,0
2345,0
18093,1
2890,0
15812,1
35979,0
23057,1
14418,0
19784,1
15218,1
1803,0
30025,1
32091,0
28441,0
11568,1
17566,1
10906,0
19838,0
23718,1
21490,0
20207,0
32054,1
35126,0
19757,1
9939,0
16427,1
32735,1
15084,1
3717,1
10530,0
10403,0
36150,0
24083,0
12525,1
9377,0
31131,1
446,0
32252,0
9351,0
21917,1
23006,0
34929,0
22182,1
33461,0
3355,0
9462,0
25838,1
17300,1
26122,0
71,1
2067,0
24655,1
14988,0
7698,0
20144,1
5093,0
9662,0
4085,0
25855,0
10920,0
862,0
33273,1
2619,0
15737,0
27262,1
4459,0
30291,1
16524,0
4706,0
33161,0
3163,0
12436,0
10131,0
15360,1
6639,0
26480,1
6937,0
16702,0
19289,0
35881,0
10636,0
31723,1
26618,1
8282,0
26728,1
1210,0
28777,0
27131,0
26331,0
17374,1
6022,0
3040,0
1857,1
28015,1
5419,0
353,0
25852,1
13624,0
33848,0
33522,0
27667,1
35462,0
31012,1
23293,1
18984,0
30131,0
18060,1
20606,0
6554,0
693,0
33602,0
6612,0
6919,0
9971,1
22758,1
7430,0
30307,1
24158,0
21869,0
21835,1
13832,0
26096,0
10979,0
112,0
35262,0
36231,0
20885,1
2142,0
6504,0
15603,0
14171,1
33882,0
7514,0
9055,0
849,0
11536,0
4574,0
21259,1
47,1
16054,1
16684,1
24371,1
33079,0
4005,0
30921,1
12203,1
30990,1
13848,0
2672,1
33204,1
12420,0
20303,1
14813,1
6176,0
33365,0
35298,0
15808,0
22077,1
28767,0
35688,1
26007,1
34099,0
35949,0
26724,0
3462,0
28388,1
16583,0
32515,1
15729,1
8274,0
16260,0
7786,0
24440,1
1728,0
25180,0
26300,0
20804,0
24831,0
23416,0
28437,1
15079,0
32017,0
20132,1
10945,0
13976,0
1952,0
19340,0
3424,0
5256,0
2511,0
2645,0
26765,0
27955,1
12835,0
23119,1
18312,1
16411,0
16547,0
27520,0
20559,0
36172,1
5486,0
25765,1
20692,1
31495,0
26788,0
26303,0
14958,1
24181,1
16312,0
21796,1
29494,1
7520,0
1461,0
19735,1
33386,0
5700,0
25173,1
21945,0
3021,0
34336,0
2465,0
1830,0
16145,1
26580,1
9392,0
25718,0
20394,0
24363,1
28045,1
30232,1
27461,1
14081,1
29389,1
26373,0
33765,0
4933,0
12797,0
621,0
18105,1
10541,0
2894,0
25195,1
34971,0
15068,1
25804,0
5169,0
815,0
10751,0
18045,1
31920,1
25138,0
33682,0
28191,1
32139,1
28142,1
12223,0
7310,0
35145,0
8507,0
16990,1
6908,0
1522,0
22841,0
31146,0
6814,0
13184,1
668,0
24201,0
25006,1
31392,1
7594,1
15036,0
31997,0
8628,0
26226,1
9566,0
8127,0
21592,1
5071,0
20302,1
10866,0
5343,0
17517,1
8818,0
31732,1
14673,0
27007,0
18299,0
16943,1
31222,0
16083,1
12418,0
28897,1
9563,0
6581,0
34022,0
4207,1
19934,1
13331,0
17259,1
24915,1
27239,1
24811,0
19033,0
61,1
29226,0
35658,0
10446,1
6613,0
19750,0
25365,0
4926,0
4965,0
12641,1
7184,0
26295,0
5653,0
35640,0
29018,0
6107,0
29449,1
29959,0
24736,1
24686,0
5407,0
31184,0
25485,1
29235,0
508,0
17625,1
23606,1
14333,1
680,0
11982,1
20251,0
12918,1
29727,0
17139,0
8601,0
32004,0
20509,0
31549,0
17774,0
5030,0
27555,0
32304,0
2025,0
33657,0
7743,1
8587,1
12080,0
10730,0
26960,1
24741,0
14162,0
22857,0
35345,0
34810,0
17236,1
21494,0
31090,0
20551,1
3687,0
4599,0
10348,1
24320,0
6259,1
6205,0
8181,0
9107,0
19989,0
23926,0
21341,1
14853,1
1694,0
32742,0
32946,1
17328,1
2560,1
18862,1
15430,0
13509,1
29043,0
12824,0
24760,1
7475,0
10059,0
5626,0
23122,0
26290,0
2225,0
23781,0
28246,1
8927,0
29126,0
4351,0
535,0
25289,0
7596,0
7957,0
19225,0
29758,0
19726,0
7176,0
30886,1
29155,0
241,1
29680,1
8921,0
14804,1
5331,0
20171,0
29985,1
33103,0
15107,0
30104,1
14714,1
25141,0
9572,0
5498,0
18511,1
22255,1
31098,0
29931,0
18634,1
23302,1
11560,0
16764,0
5237,0
14718,0
33382,1
33785,1
21210,0
35435,0
7441,0
8141,0
18267,0
17732,0
3278,0
10129,0
6879,0
14396,0
12777,1
35377,0
14654,1
30855,1
11434,0
23149,0
8044,0
23118,1
8570,1
17559,1
28389,1
9567,0
35236,0
26659,0
16497,1
16962,0
24190,1
20087,0
8064,0
31634,1
29496,1
7368,0
15429,0
33446,1
15675,0
1801,0
19791,0
1993,0
10201,0
34453,0
8338,0
11528,1
28248,1
22296,0
27464,1
11702,0
19944,1
19481,0
7445,1
3875,0
32811,0
32774,0
27943,0
35899,1
27209,0
15788,0
28645,0
17106,0
9317,0
5598,0
35911,0
4652,0
20845,0
15563,0
12193,0
29263,0
16719,1
14865,0
32446,0
6967,0
27864,1
351,0
22691,0
9650,0
29524,1
12144,1
19385,0
17881,0
9832,1
29207,0
23811,0
9647,0
34354,0
31409,1
9529,0
6128,0
9458,0
6925,0
35518,0
7576,0
2478,0
32434,1
9631,0
24481,0
11153,0
5073,0
23363,1
15333,0
10505,0
20209,0
29328,0
32907,0
18559,0
20026,0
21476,1
11235,1
29317,0
18895,0
6583,0
34645,0
6553,0
35890,1
757,0
15983,1
10803,0
7442,0
17134,0
19915,0
31544,1
24185,1
12079,0
9039,0
13218,1
14680,0
12575,0
9102,0
2914,0
19026,0
17843,0
6102,0
15764,0
16449,0
11845,1
4859,0
35376,1
23328,1
1939,0
24738,1
2928,0
26653,1
8179,0
21969,0
25833,1
3164,0
15596,0
13802,1
28825,1
9006,0
33925,0
36060,1
24276,1
27580,1
22596,1
8343,0
1365,0
33946,1
30368,0
22552,1
22683,0
2424,0
21632,0
36148,0
26947,0
25231,0
19567,0
27044,0
21330,0
30360,1
10140,0
20609,0
6823,0
21094,0
27324,0
16134,1
10887,0
28013,1
33144,1
33207,0
26901,0
7754,0
1400,0
16493,1
4751,0
15083,0
3502,0
3361,0
124,1
2317,0
12642,1
29248,1
24423,1
11593,0
11707,0
10191,0
18112,1
15556,0
1030,1
3894,1
21927,1
25934,0
18473,1
31467,1
26341,0
13715,0
18539,1
13109,0
18733,0
25321,0
9035,0
25218,0
7696,0
20009,0
21636,1
28424,1
3724,0
33973,0
27582,1
24298,1
5208,0
14994,0
35032,0
21197,0
18226,0
17481,1
3287,0
22672,0
27588,0
7171,0
3888,1
4277,0
8535,1
15522,0
9054,1
17409,0
10532,0
403,1
7003,0
23456,0
20155,0
27828,0
20054,1
15366,1
27325,0
34309,0
14945,0
15766,0
18992,0
32046,1
22669,1
18533,1
7131,0
9986,0
12462,0
23706,1
35643,0
18357,1
6905,0
2582,0
30080,1
22024,0
14358,0
27056,1
26117,0
16063,1
11050,1
22175,0
3573,0
29185,0
8432,0
31141,0
10183,1
32316,1
27140,1
8100,0
33834,0
24250,1
17901,0
35442,0
33813,0
1916,0
11457,1
27638,1
2076,0
9328,0
14153,1
19841,0
27109,1
36059,1
4490,0
20915,0
7593,0
34874,0
3181,0
18742,0
9378,0
23472,0
928,1
7327,0
632,0
30012,0
15508,1
3106,0
20645,0
5853,0
399,0
10170,0
6415,0
30453,0
25615,0
28831,1
19992,1
18605,1
1547,0
13343,0
12959,0
20264,0
8656,0
115,0
21034,1
7109,0
12705,0
14318,1
22684,0
2682,0
21463,1
19372,1
26465,0
16621,0
12110,0
9989,0
28074,0
21165,0
30446,1
27918,1
8240,0
20015,1
16456,0
23524,0
31380,1
32948,0
13450,0
20541,0
5894,0
8540,0
20062,0
19927,0
24524,0
12316,0
34016,0
31577,1
7729,0
18151,0
29707,1
27253,0
14910,0
32808,0
3339,0
12346,0
20470,0
1758,0
1848,0
28717,1
36247,0
31174,0
14844,0
1875,1
8935,0
10711,0
614,1
29344,1
4468,0
14907,0
35223,0
5160,0
34753,0
25223,1
32324,1
19563,0
5193,0
14156,1
25521,0
30576,0
16595,0
1576,0
26120,1
15296,1
7156,0
14266,1
34314,0
18875,0
8816,0
11285,0
7488,0
32981,1
19157,1
14981,0
23481,0
1643,0
21935,1
17588,1
21003,1
10781,0
35930,0
19645,0
26161,0
18960,1
19153,0
10334,0
11901,0
8385,0
7020,0
24830,1
9717,0
4654,0
34855,0
8814,0
2026,0
28547,0
26513,0
14167,0
32472,0
1513,0
25713,0
27609,1
35657,0
6144,0
12551,1
5968,0
34537,0
3956,0
31478,1
32619,0
26831,0
18349,0
8897,0
29591,1
17449,0
28146,0
19916,0
18830,1
27936,1
23525,0
22931,1
7959,1
4465,0
35944,1
30487,0
8606,0
31445,0
4981,0
14228,0
30565,1
406,0
21804,0
13510,0
35160,0
17473,1
10578,0
24330,1
2731,0
22260,1
4506,0
9875,0
30284,0
20070,0
27569,1
3013,0
17031,0
9473,0
19437,0
32142,1
16506,1
6866,0
22582,1
24986,0
12390,0
35885,0
13613,0
19789,1
20173,1
712,0
19208,0
15470,1
131,1
16376,1
8200,1
19754,1
27313,0
885,0
32156,1
14170,0
35564,1
30822,0
35945,0
13676,0
8918,0
30978,1
3187,0
7548,0
35086,0
17162,1
8724,0
21410,1
27785,0
33147,1
12401,0
22333,1
9775,0
19050,1
13449,0
17429,0
8167,0
19150,0
5758,0
30920,0
28147,0
3605,1
98,1
27542,0
7575,0
11898,0
29490,0
31720,0
7090,0
28372,1
1386,0
9815,1
35554,0
20376,0
65,0
27654,0
11254,1
12772,0
13206,0
6417,0
33317,0
3082,0
34633,0
19165,0
8332,0
12441,0
18595,1
15786,0
27977,1
9393,1
2553,0
11600,0
23346,1
13849,0
33796,0
17210,0
8287,0
15291,0
16021,0
8453,0
23026,0
27122,0
4620,0
34404,0
21161,0
34702,0
19846,0
27514,0
4964,0
12446,0
19876,1
30439,0
25603,0
21967,0
7563,0
29442,0
15950,0
9660,0
8050,0
15028,0
21040,1
2598,0
12383,0
12424,0
32756,0
14983,1
24842,0
35312,0
11671,0
23350,1
27456,1
2589,0
23842,0
33852,1
9742,0
4569,0
21122,0
12298,0
36252,0
31326,1
18186,1
30478,1
26100,1
554,1
21830,1
17376,0
24244,1
22286,0
3823,1
10601,0
3772,0
14703,0
5122,0
4801,0
4375,0
9073,1
36075,0
500,0
9933,1
11468,0
5014,0
21435,1
12680,1
15038,0
671,0
28220,1
22727,1
27671,0
5075,0
27673,0
14580,0
12207,0
36093,1
7622,0
35673,1
29829,1
6121,0
4103,0
20838,0
5418,0
11603,0
17221,1
15799,0
35674,0
27760,0
4561,0
11089,1
30551,0
27412,0
9416,1
17366,1
32475,0
5146,0
12422,1
32768,0
21134,0
2359,0
35746,0
9946,0
22351,1
30432,1
20698,0
15179,0
6868,0
9156,0
16039,1
7428,0
1844,1
28869,0
1055,0
27773,1
35678,0
20369,0
19331,0
16845,0
31332,0
32346,1
19053,0
29071,0
8172,1
4176,0
14798,1
2810,0
11448,0
11986,1
35479,1
8926,0
786,0
35717,1
30332,0
36085,0
15363,0
9455,0
3869,0
21200,1
14230,1
28040,1
9694,0
10358,1
28976,1
5714,1
15170,0
14067,0
5990,0
23622,0
10733,0
16504,0
21284,1
7749,0
6889,0
26113,1
14198,0
16859,0
29110,1
8340,0
20174,1
17480,0
20167,1
36228,0
33259,0
4275,1
4249,0
33738,1
28750,0
19769,1
20553,1
30931,1
28345,1
11541,1
15673,0
3317,0
21236,0
30816,0
15183,0
23102,0
12258,0
29269,1
32691,0
32770,0
23147,0
5629,0
32614,0
33266,0
28061,0
7756,1
13075,1
33938,1
18702,0
8857,0
30379,0
35033,0
13424,0
5786,0
10430,1
27026,0
5549,0
10738,0
10082,0
3338,0
21430,1
28507,1
12318,0
8238,0
26452,0
17279,1
27206,1
2775,1
1106,0
1842,0
16999,0
28753,0
11418,0
23445,1
5825,0
7438,0
25088,1
35021,0
3193,0
8720,1
19723,0
35340,0
24128,1
3947,0
19562,1
7038,0
15431,1
34403,0
6319,1
14670,1
20740,1
24479,1
30203,1
8495,0
10187,0
14177,1
23021,0
31381,1
16528,1
13408,1
31529,0
7712,1
29835,0
689,0
4023,0
26706,0
650,0
28498,1
7278,0
30032,1
35534,0
14922,1
11482,0
17570,1
18959,0
2218,0
3176,0
8259,0
18049,0
20912,1
12588,0
14560,0
29999,0
33674,0
17505,1
16794,0
4475,0
3261,0
22513,0
4391,0
22139,1
22734,0
33554,0
14043,1
32916,1
3755,1
5767,1
1810,0
12920,1
19861,0
29852,0
6384,0
10543,0
17110,0
4415,1
35205,1
33570,1
22084,0
17694,0
9885,0
16842,0
8114,0
14547,0
24929,0
26982,1
17459,1
32097,0
12984,0
15931,0
6605,0
31745,1
25950,0
26323,0
33313,0
18709,0
15695,1
3617,0
34179,1
26363,1
26569,1
23027,1
5624,1
7745,0
22600,0
4684,0
11073,0
443,0
4394,0
29346,1
13757,0
22864,0
28687,0
22567,0
24370,1
12201,0
6429,0
3886,1
28623,0
22978,1
33480,0
7586,0
35617,0
29488,1
8173,0
2766,0
17237,0
21098,0
33636,0
30733,0
7543,0
16176,0
20001,1
6917,0
18027,0
16568,0
33224,0
10290,0
31129,0
4651,0
33832,0
27323,0
9181,1
13221,1
27452,0
26541,0
5404,0
17219,1
5717,0
21321,1
8062,1
3964,0
26968,1
32920,0
4587,0
9398,0
1451,0
11548,0
1991,0
29308,0
21575,0
27523,1
216,1
2809,1
17436,1
7242,0
25803,1
34369,1
22096,0
4953,0
31575,1
13274,1
20669,0
26343,1
6349,0
11855,1
12508,0
32847,0
4175,1
15436,1
27641,0
5197,0
21958,0
35309,0
16489,0
24223,1
17020,0
18139,1
27111,0
14449,0
7769,0
17457,1
28275,0
3842,0
19172,0
34544,0
12637,0
5303,0
17786,0
4255,0
11450,0
33733,0
22712,0
2119,0
1439,0
12453,0
35359,1
30495,1
12511,0
19925,0
35672,1
3129,0
6414,0
28284,1
15622,1
22383,0
25549,0
29180,0
33453,0
20356,0
2877,0
16417,1
18499,1
21895,0
26660,0
16522,1
11466,0
7473,0
2227,0
7689,1
20737,0
20347,0
13491,0
30082,0
35694,0
14643,0
13790,1
6175,0
26192,1
18877,0
2437,0
18457,1
3173,0
28152,0
17624,1
28418,1
28485,0
5051,0
20828,0
3422,0
34351,0
12664,1
27439,0
36019,0
32195,0
31232,1
21644,1
21948,0
7237,0
18736,0
1619,0
31498,0
25970,1
18088,0
258,1
25221,0
5282,0
10367,0
27956,1
9482,0
13551,1
6754,0
33635,1
20346,0
31475,0
19112,0
30531,1
3088,0
20673,1
2402,0
15149,1
14951,0
15835,0
33356,0
25785,0
26818,0
3401,1
30839,1
30661,0
32637,0
29514,0
26023,0
34070,1
32516,0
34322,0
15328,1
30168,0
14993,1
11813,1
19641,1
15142,0
18158,0
18554,0
10528,0
16895,1
25878,1
31657,0
3275,0
2792,0
15672,0
7033,0
12121,0
12220,0
16629,1
7476,0
9136,1
3378,0
18415,0
10281,0
11506,0
10231,0
30052,0
29692,1
28415,1
18781,0
28225,0
18954,0
11618,0
31560,0
22314,1
17800,1
3377,0
22645,0
12926,1
27374,1
762,0
15205,0
12974,0
13593,1
157,0
10806,1
33528,1
15816,1
25192,0
7115,0
23065,0
7951,0
22878,0
18032,0
23791,1
25809,1
1945,0
35865,0
7617,1
28680,0
24162,1
3230,0
11001,0
22446,0
34411,0
24993,1
30864,1
23540,1
12191,0
10056,1
28080,1
6786,0
30438,1
15131,1
6820,0
12426,1
28093,0
15769,0
14323,0
2445,0
20448,1
4159,1
29129,0
17152,0
26193,1
16979,1
11768,0
9790,0
30121,1
30149,1
25165,1
35121,0
27177,1
3170,0
17532,1
21166,1
9045,0
35334,0
20992,0
17643,0
15209,0
10623,1
4737,0
24877,0
24451,0
21246,1
25686,0
30167,1
198,1
28836,1
21780,0
4067,0
3440,0
11777,1
30271,1
3266,0
20080,0
36251,0
7185,0
2420,0
1383,0
11521,1
32444,1
35510,0
22807,1
4624,0
33857,0
22147,0
24823,1
29275,0
2733,0
3614,0
24825,1
8590,1
17038,0
9807,0
1076,0
32132,1
4558,0
13761,1
20638,1
6688,0
14856,0
32152,0
11576,1
8178,0
27235,1
25241,1
32133,1
3346,0
35488,0
34493,1
14520,0
34224,1
21156,0
27797,0
14263,1
12648,0
8519,0
35,0
14334,1
30827,1
2579,0
29515,0
5084,0
35702,0
6450,0
19899,1
3359,0
1411,0
19783,1
36159,0
21672,0
25798,0
12255,1
26511,0
29933,0
18872,0
30725,1
25508,0
5023,0
18420,0
31662,1
10007,0
34721,0
25527,0
7044,0
36,0
22763,1
22540,1
3444,1
1997,1
29932,0
17931,1
32968,0
11778,1
17178,0
29322,0
4278,1
35369,0
7241,0
1549,0
15711,0
25417,0
31995,1
33315,1
29677,1
33247,1
24909,1
2611,0
32549,0
29060,1
17086,1
11069,1
12423,0
17222,1
19806,1
6916,0
8773,0
23164,1
33906,1
24530,1
25947,0
29025,0
23505,1
27280,0
11955,1
26785,1
22163,0
14754,1
9421,1
8952,0
25287,1
34269,0
15696,0
36037,0
10694,0
30176,0
15245,0
29671,1
34146,0
7895,0
14085,0
23058,0
33051,0
7474,0
15403,1
33844,0
23110,1
30186,1
12991,1
2150,0
29569,1
31405,1
36220,1
33934,1
8149,0
9374,0
20020,0
2286,1
19608,0
25555,0
709,0
3419,0
18135,0
7684,1
27242,1
28192,0
12660,1
12058,1
1873,0
20078,0
34055,0
21499,1
30965,1
30171,0
8071,1
7403,1
31791,0
9106,1
17808,1
18270,0
11515,0
30002,0
29734,1
4462,0
24135,1
28396,0
30579,0
1158,0
9724,0
29686,0
35337,0
1219,0
20280,1
20842,1
3415,0
22742,1
25353,0
12881,1
4876,0
18502,1
32741,0
22751,0
17622,1
4527,0
10863,0
12100,0
11978,1
31684,0
8861,0
16645,1
17468,0
36123,0
7766,0
25601,0
8783,0
10902,0
8122,0
31314,0
33753,1
32147,1
8711,0
10572,0
3253,0
19692,0
25407,0
19967,0
29979,0
31113,0
12861,0
30532,1
13395,1
2281,0
17812,0
29717,0
19224,0
26740,1
1685,1
23458,1
19166,0
13641,0
9972,1
16348,0
13280,0
3879,0
1634,0
16181,0
18911,1
32883,0
34481,0
8788,0
4338,1
6521,0
14678,0
2591,0
27265,0
33660,0
30623,0
11766,0
29406,1
20208,0
26219,1
1998,0
21990,0
9290,1
17787,0
25476,1
16461,1
26753,0
19073,1
11294,0
2328,0
22834,0
12028,1
28172,0
1128,0
9034,1
26729,1
6083,0
16503,1
24233,1
3624,0
23646,1
15731,1
30582,1
5690,0
28945,1
16476,0
6849,0
32127,1
21953,1
15303,1
3736,0
28966,0
2231,0
6111,0
6946,0
17257,0
5368,0
21061,1
5044,1
6255,0
1943,0
29181,0
19773,0
21066,0
33930,0
4443,0
8242,1
18727,1
13287,1
13724,0
24345,1
31963,1
27113,0
30397,0
17341,1
18847,1
32724,0
16191,0
9497,0
15020,1
36217,0
7791,0
9464,0
19147,0
29578,1
17080,0
7159,0
6109,0
25957,1
2410,0
8999,0
26150,1
33263,0
7726,0
18918,1
1428,0
14369,0
3503,0
10805,0
4501,0
3830,0
17250,0
2577,0
10322,0
25937,0
12379,0
35526,1
5962,0
19401,1
29711,1
7526,0
25669,1
3895,0
26423,1
5339,0
189,0
35594,0
35764,0
28377,1
31226,0
19384,0
5148,1
29594,1
29675,1
26168,1
36117,0
34657,0
9121,0
9834,1
5172,0
31589,0
10692,0
3694,0
28859,0
6996,0
26086,1
22404,1
14885,1
5147,0
7110,0
32035,0
16073,0
13612,0
34196,0
26690,0
10569,0
35063,0
33963,1
22675,0
21510,0
29100,1
6736,0
27337,1
20750,1
17827,1
18732,0
17885,0
20869,1
26568,1
28271,1
31941,1
34634,0
32960,0
24953,0
5294,1
26164,1
22194,0
9732,0
11985,1
5575,0
2461,0
31042,0
5399,0
33121,0
34712,0
17696,0
32427,1
25001,1
16847,1
34120,0
34808,0
1432,0
4816,0
22735,0
13918,0
6097,0
14839,0
26796,1
21356,0
34434,0
9780,0
10175,0
20690,1
2824,0
8528,0
25715,1
10644,0
5355,0
5732,0
12140,0
10643,1
1528,0
5086,1
30020,0
14329,1
19248,1
27430,1
29586,1
16531,1
30146,1
30105,1
21920,1
16378,0
28785,1
26921,1
22285,1
3993,0
17550,1
15048,1
32260,0
6390,0
8066,1
19734,1
30953,0
1807,0
18216,1
21048,0
1094,0
6310,0
21333,1
24182,1
11620,0
18201,0
24782,0
31251,0
9982,0
8310,0
25680,0
11203,0
16872,0
1353,0
15957,1
31508,0
33069,0
15857,1
32240,1
18601,1
19966,0
4180,1
26366,0
8400,0
14491,0
6981,0
11451,1
4388,0
12611,0
20682,1
32795,0
19188,0
29687,1
24558,0
9344,0
17421,1
499,0
35429,0
19746,0
11931,0
31091,0
8677,0
23856,1
14713,0
13807,1
19606,0
21806,1
1124,0
8829,0
9030,1
19652,0
22344,1
25129,0
9721,0
18419,0
28953,1
9449,0
4924,0
20847,0
13257,1
15687,0
19602,1
24917,0
3819,0
9270,0
34583,0
8676,0
18194,0
30500,0
34521,0
34275,0
19664,0
22648,0
894,0
31230,0
19666,0
33968,0
15413,0
12351,0
27041,1
21586,1
18433,0
17544,0
34750,0
20899,1
30317,1
9634,0
29228,0
34083,0
32462,1
35806,0
31885,0
5843,0
727,0
22695,0
20497,0
16741,0
34246,0
19174,0
21625,0
36270,1
34911,1
2855,1
30678,0
22719,0
7626,1
7478,0
6351,0
28639,0
16945,1
13418,0
20055,1
15982,1
33329,0
10066,0
7566,0
953,0
17933,1
25224,1
34178,0
28450,1
3071,0
31936,1
6190,0
27574,0
28533,0
10128,0
13351,0
3117,0
20754,1
5171,0
1148,1
23357,0
36024,0
13298,1
428,1
28049,1
22613,1
17506,0
32517,0
23106,1
4174,1
11918,0
10946,1
22877,1
15690,0
18853,1
8929,1
15635,0
4136,1
17957,0
34429,0
26227,0
26128,1
35073,0
31512,0
23590,0
34605,0
25,1
8023,1
26302,1
1235,0
2712,1
1463,0
28752,1
35759,1
3921,0
36199,1
35528,0
28847,0
1178,0
29625,1
32457,0
24786,0
17035,0
16769,0
21387,0
14689,0
23536,0
32503,1
1564,0
531,0
28625,1
26437,1
8624,0
8919,0
35068,0
4068,0
17803,0
2041,1
6472,0
5860,0
911,0
31266,0
1639,0
3086,0
23419,0
15583,0
6278,0
34443,0
25035,0
22486,0
9799,0
23516,0
9738,1
32605,0
35782,0
3179,0
21285,1
35751,0
34232,0
19121,0
29592,1
28383,1
29038,0
33450,0
4877,0
14912,0
16974,1
3865,0
34582,0
7134,0
23946,1
15219,1
30663,0
9326,0
29710,1
31803,0
21542,1
31623,0
4485,0
275,1
25593,0
3926,0
26359,0
13562,1
28984,1
4717,0
6881,0
8148,0
35854,0
33025,0
20671,1
19549,1
9147,1
8754,0
4845,0
29830,0
16211,0
31663,1
33601,0
14518,0
33782,1
33735,1
11072,1
32797,0
13626,0
29264,0
27070,0
17876,1
18844,1
29334,0
3863,0
4257,0
24826,1
25590,0
12657,1
3814,0
25415,1
6928,0
17370,0
4908,0
10971,0
31600,0
17539,1
23980,1
12757,0
26043,0
18873,1
16032,1
17862,1
4315,1
2537,0
8569,0
10061,0
12035,1
21139,0
35849,0
31327,0
311,0
7142,0
27429,1
14956,0
19850,0
10185,1
23680,0
21527,0
18097,0
21008,0
14980,1
21315,0
9826,1
19037,1
19903,1
25258,0
29028,1
13732,1
710,0
25408,1
3870,0
22912,1
32183,0
15190,0
17528,0
7916,0
16284,0
24737,0
31216,1
34930,0
18577,1
23000,0
6405,0
29466,1
9788,0
28820,1
8249,0
9590,0
15996,0
19478,0
3818,0
21277,0
13516,1
21778,1
23863,0
8661,1
16837,0
24629,0
22361,0
19743,0
32459,1
17806,0
2239,0
25771,1
15443,0
11565,0
27927,1
25584,1
11170,0
2617,0
33174,0
15421,1
10713,0
7637,0
7649,0
17006,1
10907,0
23598,1
20816,1
18575,1
9587,0
13672,0
2685,0
14860,0
11395,0
10508,0
4286,1
22529,1
31973,1
17155,1
32645,0
3433,0
7759,0
30892,1
7570,1
26675,1
3331,0
20881,0
29630,1
15022,0
18675,0
15488,1
17084,0
393,0
20314,0
11304,0
2302,0
6264,0
20683,0
30694,0
17240,0
30996,1
26970,1
19347,0
26016,0
34024,0
2651,0
30727,0
35410,0
25860,0
32859,0
8043,1
31635,0
1456,0
14671,1
6020,0
9220,1
13843,0
15447,1
931,0
20790,0
25150,1
8358,0
9584,0
15524,1
21598,0
27606,1
10784,1
26987,0
14955,0
22987,0
32073,0
11314,1
32657,0
5041,0
28109,0
26806,1
16667,1
33984,0
31722,0
27875,0
10469,0
12542,1
19398,1
20343,0
14931,0
26847,1
23216,1
20137,0
1281,0
30710,0
5342,0
6921,0
29292,1
25640,1
6199,0
1398,0
28884,1
34075,1
26013,1
30204,0
19099,0
3151,0
10785,0
2033,0
7599,0
36142,0
2016,0
35367,1
26758,1
32122,1
22489,1
33937,0
25645,1
1693,0
8230,1
27160,0
13713,1
27306,1
13303,0
19807,0
18526,1
34046,1
5793,0
20747,0
26400,0
19452,0
12157,1
9150,1
2892,0
2697,0
19883,1
6193,0
28243,1
28278,1
28906,1
30813,0
12663,0
14595,1
1014,0
15843,1
35535,0
2978,0
9796,1
14613,0
5946,0
8299,0
22368,0
10652,0
12606,1
7660,0
28743,0
9944,1
4999,0
34920,0
11367,0
30914,0
4010,1
24180,0
29078,1
18946,1
34522,0
5675,0
6436,0
32433,1
16700,0
36196,0
11387,0
2005,0
10097,0
17725,0
15464,1
34102,0
23317,0
9996,1
26147,1
35114,0
23627,1
1334,0
18914,0
21106,0
26902,1
19175,1
27957,1
11970,0
1584,0
20226,1
16072,1
26421,1
3737,0
32284,1
34367,0
670,0
25773,0
1329,1
20453,0
2059,0
5279,0
18296,0
11752,0
12097,0
15214,1
20504,0
11231,0
3391,0
29728,1
1792,0
31598,1
27509,0
30051,1
28325,1
9916,0
13608,0
16734,0
29265,0
13059,1
10463,0
28634,0
22439,1
14675,1
564,0
35473,0
22921,1
20926,0
3864,1
25437,0
8026,0
29141,0
6694,0
21822,1
12844,0
29878,0
15709,1
5038,0
27512,1
28653,0
12755,1
21010,1
1832,0
23881,0
825,0
1797,0
318,1
33614,1
13890,0
21031,0
15573,0
24749,0
8670,0
22042,0
32727,1
32994,1
10202,0
28056,0
10316,0
4299,0
3580,1
28718,0
34124,0
34288,0
20540,0
24348,1
14252,0
18082,0
2195,0
32288,0
16296,1
35234,0
31173,0
6759,0
30343,1
27550,0
35186,1
7529,0
12781,0
17844,0
33065,1
7451,1
1771,0
16402,0
35557,0
8467,0
33896,1
13347,1
11893,0
34925,0
33898,1
16066,1
14225,1
17,0
20539,0
18294,0
15951,0
3942,0
8819,0
28724,1
6321,0
2916,0
12964,1
10064,0
13973,0
19776,0
22181,1
34153,0
5655,0
23817,1
27856,0
19211,0
30299,1
29340,0
35461,0
20154,0
28522,0
32010,0
16478,1
30805,0
5377,0
29895,0
13894,0
2068,0
21911,0
1781,0
164,0
32843,0
17954,0
18367,0
3749,0
8292,1
17369,0
9404,0
21016,0
35946,0
31487,0
10849,1
12146,0
32830,0
17380,0
13356,0
15659,0
14644,0
5951,0
27695,0
7053,0
19643,1
16634,0
13728,1
12310,1
4246,1
34928,0
3384,0
21132,1
32013,0
10470,0
9093,1
32864,0
34671,1
30087,0
24493,0
7215,0
9719,0
23916,1
12965,0
12907,1
33534,0
19620,0
17416,0
18628,1
5705,0
15517,0
23336,0
18154,0
5371,0
14256,0
12084,1
29606,1
20313,0
27719,0
13868,1
32820,0
23278,0
15380,1
17364,0
14120,0
33851,0
8091,0
7119,0
18204,0
6582,0
9281,0
32245,1
7501,0
29567,1
1729,0
32790,0
18600,1
6019,0
31765,0
1955,0
2128,0
3714,0
24372,0
18374,0
20629,1
23064,1
22717,0
22564,1
33725,1
29860,0
4592,0
25200,0
8736,1
23990,1
14191,1
9878,1
1098,0
31940,0
11307,1
16759,0
13539,1
1506,0
34999,0
1566,0
16644,0
2951,0
29058,1
11689,0
27204,0
15638,0
27470,0
31028,0
24886,1
13025,0
14359,0
280,0
34177,0
16856,1
19337,0
25086,0
25644,0
35253,0
13681,0
1534,1
20801,0
35503,0
16162,1
12135,0
33592,0
29499,1
24518,0
33969,1
26357,0
9292,0
8992,0
22507,1
10982,0
10868,1
11822,1
7150,0
31879,1
20720,1
25296,1
22429,1
35040,1
7319,0
26804,0
22127,0
7850,0
13468,0
22621,0
27351,1
27894,1
25598,0
7149,0
32571,0
5872,0
373,1
9278,1
29257,1
11259,0
3251,0
5836,0
19068,0
31275,1
6137,0
1646,0
6658,0
1561,0
25376,1
3083,0
23684,1
3821,0
20203,0
14641,0
15496,0
33163,0
5245,0
4731,0
35333,0
30199,1
11210,1
34692,0
13577,1
23081,1
16917,1
31835,0
14321,0
11375,0
873,0
30539,0
35484,0
27051,1
35963,0
12228,1
32773,0
17243,1
34189,1
22208,1
32171,1
18880,1
4769,0
33320,0
5267,0
2620,0
16234,0
29988,0
19086,1
8605,0
34823,0
23940,0
196,1
10483,1
31476,0
18916,0
20139,1
13772,0
2329,0
27722,1
25563,1
11990,1
25459,1
15232,0
19699,0
6058,0
2844,0
14930,0
27983,1
6431,0
25841,1
8679,0
21328,0
32192,1
19240,0
19421,1
14628,0
1337,0
18207,1
19642,0
19343,0
32573,0
9465,0
13547,1
10567,0
13666,0
33689,0
27705,1
30224,0
6644,0
35681,1
9976,1
16563,1
32138,1
15476,1
21557,0
7709,0
32832,0
23596,1
12206,0
10827,0
21187,0
9648,0
15160,0
26509,0
20319,0
25692,1
11023,1
32862,0
9522,0
28849,0
27476,0
27023,0
27823,0
13897,1
35938,0
6576,0
29501,0
15873,1
21436,1
22706,0
30061,0
6297,0
15322,0
18546,1
7591,0
24076,0
13528,0
21739,1
25533,1
14331,0
6888,0
26074,0
12875,0
6286,0
4471,0
26969,0
10242,0
32938,0
4333,0
15390,1
30005,1
36088,0
21466,1
16994,0
33312,0
31616,1
28134,0
36143,0
14270,0
15134,0
24489,0
7560,0
32635,1
24555,1
4655,0
13856,0
4622,0
35761,0
3217,0
3837,1
17348,1
16355,0
22027,0
9658,0
9821,0
4224,0
33955,0
6535,0
15359,1
22066,0
5324,0
32334,1
24902,0
28983,1
18678,0
22025,0
19101,0
35428,0
10586,0
21986,1
8835,0
13808,0
31824,1
27989,1
7034,0
33775,1
23789,1
34841,0
31886,1
8169,1
35004,0
13171,1
33117,0
3018,0
9423,0
10888,0
15878,1
17234,1
2057,0
9388,0
3781,0
34897,0
6824,0
14235,0
25286,0
21406,0
23460,0
21460,0
5979,0
18000,1
23993,0
17230,1
31166,1
20983,1
4557,0
25471,0
13594,0
15181,0
14392,0
31607,1
19795,1
1450,0
13186,0
5959,0
11732,0
34326,0
24393,0
8441,0
22933,1
18579,1
31863,1
28563,1
26781,1
13329,0
29085,1
30046,1
19262,0
33540,0
9958,0
17326,0
20340,0
30887,0
24068,0
21520,1
5118,0
36149,0
20762,0
33638,1
1681,0
25767,1
27717,0
21365,0
9103,1
4656,0
31122,0
31449,1
21512,0
14523,1
5348,0
5186,0
11704,0
30530,1
17103,0
14933,0
1056,1
7307,0
19879,1
5779,0
1279,0
10745,0
12128,0
14346,0
36146,1
33524,1
6897,0
12233,0
4446,0
30175,1
29306,1
1407,0
12852,0
8054,1
10057,0
177,1
32529,0
4182,0
35292,0
20041,1
965,0
3910,0
2084,0
28236,0
24942,0
21286,0
34019,1
29413,1
7080,0
22503,1
19839,1
15736,0
3025,0
31035,0
35433,0
32498,0
17654,0
20477,1
30881,1
19759,0
17075,0
23765,1
34524,0
7873,1
19049,0
35917,0
1670,0
26418,0
35436,1
15819,0
30662,0
18326,0
14625,1
12877,0
8096,0
15859,0
29245,0
30304,1
5970,0
6715,0
2504,1
34295,0
14382,0
10664,1
18846,1
29282,1
34394,0
60,1
13419,1
251,1
20555,0
3912,0
20315,1
31605,1
28833,1
2404,0
18705,0
6422,0
8543,0
3820,0
20454,0
19711,1
31238,1
13378,0
6368,0
667,0
4199,1
33998,0
11032,1
14771,1
25024,0
35159,1
34807,0
18942,0
4423,0
27743,1
25977,1
3795,0
26955,0
29008,1
26712,0
23522,1
855,0
30552,0
13586,1
6668,0
6880,0
7234,1
11019,0
4642,0
14257,0
355,1
16807,0
21289,1
21688,0
34195,0
34206,0
24775,1
1789,0
4202,0
23051,0
27598,0
17646,1
8124,0
11623,0
33740,0
27729,1
19624,0
3962,0
19994,0
13037,1
9714,0
15426,0
27728,0
26578,1
7148,0
13054,0
13090,1
28196,0
27925,0
7325,0
9202,1
7549,0
23756,0
17726,0
16267,0
21736,0
21973,0
16459,0
73,1
21480,0
17407,1
16254,0
30099,1
18248,0
4992,0
4807,0
12773,0
20406,0
33109,0
32190,0
26840,1
21296,0
12069,0
34518,0
25095,1
7014,0
28792,0
35251,1
5755,0
24954,0
1147,0
17718,0
34732,0
2548,0
8908,1
11300,0
32396,0
25349,0
11344,0
20307,1
21687,0
10135,0
10606,0
11044,0
24854,0
4647,0
27272,0
12067,0
5415,0
7206,0
9704,1
3407,0
9419,0
13410,0
13809,0
27487,1
2847,1
20255,0
19515,0
23114,0
1315,1
5492,0
3496,0
20438,0
36082,0
20547,0
4971,1
30206,1
28150,0
584,1
15266,1
8762,0
32921,0
33746,1
17296,1
3538,0
31282,0
23379,1
5981,0
30808,0
13173,0
5608,0
2362,0
13582,0
18674,0
25297,1
5736,0
14028,0
13473,0
14246,0
1505,0
30586,1
3812,0
19338,1
32483,0
29910,0
24881,1
10285,0
19218,0
30003,0
33399,1
23676,1
3978,0
26722,1
15039,0
593,0
22310,1
30238,1
19307,0
13552,0
16133,1
14790,0
13241,0
7120,0
30402,1
18790,1
15194,0
3306,0
11233,0
2997,1
3742,0
29089,0
12204,0
32243,0
32437,0
21738,0
26534,1
31041,1
18697,0
22405,0
30972,1
25291,0
2110,0
28720,1
1324,1
17437,0
34149,0
1319,0
140,0
32458,0
17831,0
1413,0
29652,1
18298,0
6428,0
28716,1
27229,1
27269,0
11597,1
35011,0
8341,0
26607,1
13044,1
19942,0
27971,1
23459,0
5134,0
35904,0
26857,0
4526,0
9163,0
27855,0
4813,0
28958,0
25151,0
32716,0
14546,0
10531,0
5155,1
2187,0
32553,1
19197,0
35915,0
29320,0
992,1
25008,0
14948,0
11842,1
19447,1
20876,0
8424,0
27126,0
14386,1
27568,1
8187,0
6466,0
17298,1
21113,0
17185,0
9005,0
34079,1
32732,1
4032,0
12738,0
7446,0
11824,0
27485,0
19239,0
16533,0
23608,1
22385,1
7897,1
22577,0
3919,0
25862,0
25536,0
5784,0
23030,1
27529,1
20295,0
31580,0
4956,0
10486,0
4186,0
25622,1
33776,0
11828,0
16295,0
22110,1
2391,0
10356,0
13250,1
2127,0
10258,0
16739,0
33146,0
636,0
12211,1
6559,0
13035,1
10503,0
10282,0
24832,0
16959,0
21647,0
10520,0
36043,0
20538,0
4102,0
21521,1
22154,0
18885,1
20661,1
6274,0
5341,0
5809,0
22017,1
15176,0
10921,0
30618,0
4200,1
4821,0
19851,1
25801,0
1530,0
11401,0
26980,0
3726,1
16669,1
25041,1
11245,0
22593,0
8442,1
10245,0
18639,0
34921,0
17491,1
13986,0
34525,0
16687,0
31208,1
24039,0
33076,0
6119,0
27077,0
29384,0
26805,1
7235,1
17218,0
29164,0
6430,0
36253,1
21781,1
19733,0
24988,1
9049,1
1212,0
28796,1
22715,1
21443,0
15310,0
28043,1
10669,1
11041,0
32141,1
8994,0
11260,0
34357,0
17494,1
18259,0
6787,0
7832,0
13740,0
14210,0
7299,0
8652,1
830,0
24145,0
9901,0
26916,0
11365,0
25846,1
23221,0
35998,0
12940,0
24422,0
30129,1
27758,1
15229,0
17815,0
26844,1
22617,1
17343,1
3495,0
2490,0
18322,1
2214,0
3558,1
3774,1
8116,1
4618,0
34208,1
19355,1
10353,0
33270,0
23742,1
16221,0
5013,0
22853,1
27393,0
8367,0
4531,0
35074,0
16691,0
16147,0
11390,0
28529,0
17581,1
36180,1
34086,0
19283,1
7101,0
6532,0
10327,0
2848,0
10068,0
13102,0
18075,1
7836,0
7483,0
5704,0
2495,0
30412,1
11173,0
24684,1
9784,0
7803,0
11208,1
12088,1
6833,0
15224,1
9931,0
6680,0
26962,0
1331,0
35349,0
11953,0
18137,1
35825,0
25434,0
30604,1
12912,0
8189,0
1805,0
13064,1
3751,0
8616,0
33598,1
14486,0
32630,0
10043,0
21755,1
27688,0
2958,0
13417,0
917,0
34201,1
6202,0
24336,1
9309,0
172,1
35313,0
24980,0
15701,0
2876,0
31931,1
32633,0
20269,1
11039,0
21170,0
29459,0
18039,0
5406,0
25146,1
2578,0
25978,1
21271,1
19698,0
13770,1
18671,0
9175,0
30125,1
4803,0
308,0
23901,0
33187,0
30771,1
16600,0
25210,1
31438,0
17562,0
7104,0
21287,1
9129,1
3686,0
13416,0
795,0
16630,1
17465,0
27614,0
27418,0
29093,0
18572,1
14092,1
33692,1
35248,0
11355,0
22754,1
21173,0
17340,1
9937,0
8252,0
13984,1
26608,1
24186,0
25069,1
10588,0
16167,0
19550,0
2241,0
15692,1
31102,0
945,1
20277,0
21278,1
6638,0
16680,0
9128,1
23631,0
33485,0
18836,0
6322,0
6262,0
13476,0
8110,0
15242,0
25956,0
17913,1
22736,0
23837,1
25674,0
16127,0
18635,1
15888,0
22747,0
12342,0
16854,0
25404,1
28655,0
13536,1
33341,0
17508,0
11183,1
10539,0
31471,0
7601,0
35156,0
29453,0
24924,1
35350,0
10369,0
32541,1
12281,0
29531,1
15962,0
20199,1
24111,0
5510,0
35866,0
31550,1
16129,0
28959,1
2160,0
35677,1
7071,0
28855,0
17838,0
16885,1
27886,1
4236,1
17549,1
13535,1
13209,0
34572,0
28795,0
28598,1
29945,1
11171,1
10115,1
32041,0
14475,0
33236,0
23670,0
31169,0
4515,0
1200,0
24703,0
11519,0
19472,0
12198,1
30622,0
21409,1
5214,0
3059,0
11587,1
5138,0
13573,1
27737,0
18891,0
34127,0
22935,1
9920,1
13422,0
2116,1
33260,0
435,0
4708,0
15479,1
25610,0
4449,0
18745,0
14966,1
18980,1
25583,0
10489,0
12356,0
31297,1
10075,1
10897,0
12138,1
8408,1
22156,0
11291,1
26795,1
31056,0
15866,1
13698,0
24217,1
9427,1
35600,0
4879,1
34868,0
13237,0
16501,1
4507,0
3011,0
24723,1
16144,0
18971,0
11404,0
13553,0
24156,1
29655,1
28520,1
14667,0
4630,0
21530,0
7447,0
12375,0
32747,0
14870,0
28364,0
31762,1
14350,0
32121,0
14224,0
2555,0
25124,1
18400,0
35929,0
751,0
23944,0
28741,1
14676,1
10259,0
25999,1
25083,0
25278,1
23847,0
27137,0
19117,1
4078,1
19979,0
28524,0
12133,1
23251,0
31644,1
23873,0
16757,0
33499,0
33983,0
29511,1
3715,0
34509,0
24776,1
30461,0
31038,0
2352,0
32877,0
25060,1
17852,1
3509,0
5972,0
9553,0
36008,0
34685,1
9965,0
13696,1
4600,0
30427,0
851,0
21694,1
11638,0
7338,0
9135,1
28218,1
21239,1
15779,0
32232,1
19680,0
17799,0
36046,0
19490,1
6764,0
31858,0
4959,0
13032,0
108,1
23582,0
10363,1
7277,0
10021,0
24614,0
4683,0
27919,1
28429,0
21102,0
30173,0
30054,1
19623,1
5699,0
7913,1
6260,0
7286,0
31372,1
7598,0
25561,0
6326,0
24790,0
8055,1
3224,0
2552,0
5780,0
25254,1
1291,0
3615,0
11342,0
17637,0
11909,0
21364,0
35894,0
17202,0
10714,0
22657,0
22423,0
30852,1
6090,0
32239,1
23402,0
27381,0
13375,1
8419,0
19638,0
8700,1
32769,0
13452,0
12287,0
14573,0
32421,1
15985,0
28241,0
12597,0
24386,0
4556,0
11186,0
4472,0
32969,0
12464,1
27084,0
675,1
31510,0
27448,1
31604,1
17762,0
19253,0
1645,0
21427,0
22692,0
33451,1
30361,1
34096,1
21432,0
16888,0
1427,1
18050,1
22030,0
24225,1
5494,0
8191,0
15976,1
22411,1
9367,0
932,1
30844,1
7631,0
25118,0
8072,1
3250,0
24632,0
3900,0
1157,0
12823,0
779,0
25958,1
20040,0
31312,0
2210,0
31714,0
6936,0
8435,0
1688,0
7802,0
21525,0
11697,0
26410,0
2250,0
19558,1
7326,0
9244,0
24576,0
2429,0
4436,0
30139,0
34563,0
4861,1
29065,0
26647,1
5553,0
170,1
1757,0
14446,0
20630,1
26542,0
20974,0
34704,0
9412,0
19154,1
35302,0
33667,0
10349,1
6047,0
23259,1
4021,0
5622,0
16527,1
35209,0
17993,0
28677,1
35687,0
11380,0
7202,0
33407,1
4594,0
16491,0
5514,0
21725,1
24163,1
15002,0
16643,0
3342,0
22266,0
15323,0
18456,1
9441,0
16002,0
35310,0
8188,1
6801,0
26208,1
31059,0
23854,1
1678,0
7730,1
22366,1
30798,1
27013,0
32416,0
18285,0
31664,0
14604,0
8871,0
18073,1
34431,0
30884,0
18802,1
28898,0
1624,0
7407,0
6416,0
25567,1
1403,1
31691,1
28143,1
7820,0
29543,1
25881,0
24978,1
20736,1
5632,0
19530,0
31276,1
31295,1
10495,0
16873,0
27563,1
18048,0
12938,1
11303,0
17254,1
30593,0
23060,0
17602,1
29698,0
11456,0
826,0
3711,0
11889,1
23341,0
16154,1
25607,0
22189,0
14551,0
29794,0
6649,0
10186,0
9174,1
18625,1
22578,1
5290,0
11972,1
17690,1
31955,1
36035,0
27516,1
906,0
3560,0
5857,0
34559,0
30433,0
18090,1
29220,1
29066,1
16026,1
7075,0
35338,0
22342,0
12739,0
36177,0
2240,0
6803,0
23928,0
16410,1
25236,0
401,0
16730,0
7122,0
1536,0
1095,0
16662,1
29136,1
4328,0
13,1
7330,0
35813,0
975,0
1015,0
22329,1
7103,0
30562,0
9726,0
28017,1
33092,0
9810,0
1700,1
23984,0
28165,0
4837,0
11273,0
32166,0
14826,1
23580,0
10926,0
22410,0
24409,0
6235,0
18041,0
33654,0
6934,0
21783,0
25672,1
21399,1
29291,0
20372,1
32233,1
1136,0
7638,0
22202,1
31633,0
15044,0
5264,0
12778,1
30491,1
28106,0
9844,0
20902,0
25636,0
20878,0
22422,1
29912,0
21198,0
28436,1
34581,0
1968,0
33297,0
29998,0
23642,1
23511,0
21157,0
24696,1
9221,1
36197,0
25168,1
23223,1
14319,1
4269,0
25914,0
35261,0
30047,1
26811,0
4954,0
23300,1
3337,1
151,0
20993,1
20627,1
24368,0
6882,1
2603,0
26053,0
10168,0
20361,0
10852,1
17456,1
18390,0
6729,0
5525,0
20968,0
23167,0
17871,0
12388,0
16308,0
8426,0
19629,0
35755,1
3439,0
8517,0
781,0
400,0
8465,0
28281,1
41,1
29946,0
14116,1
16899,1
9368,0
13325,1
32394,1
27105,0
22565,0
30386,1
18831,1
31698,0
27979,1
10980,1
14935,0
12698,0
2469,0
23088,1
9575,0
35466,0
34092,0
34651,0
19654,1
26563,1
22597,0
31284,1
6719,0
11168,0
34711,1
24658,1
12232,1
9814,1
183,1
169,1
21692,0
7249,0
29102,1
12697,0
31421,0
12975,1
6550,0
14248,0
18970,1
33821,0
25330,0
22705,1
17526,0
30592,0
8120,0
4864,1
28558,1
25875,1
23859,0
28259,0
30013,0
7902,0
6774,0
30276,1
24583,0
8870,0
4390,0
35525,0
20827,1
33129,0
9453,1
36020,0
12272,0
31836,0
33866,0
7404,0
14207,1
7949,0
35069,0
4283,1
3447,0
3944,0
29021,0
34373,0
29778,0
14942,0
29411,1
34338,0
26643,1
20121,0
23461,1
32817,0
6270,0
34037,0
4051,0
2205,0
14152,0
4425,1
29640,0
13758,1
13392,1
8726,0
9888,0
26508,0
13060,0
21952,1
26609,1
4325,0
35147,0
33991,0
33226,0
11490,1
2266,0
10382,1
26833,0
7353,0
20444,0
12645,0
9789,0
5576,0
11866,0
11715,0
26371,1
10871,0
27454,0
15301,0
24829,0
10507,1
29611,1
15408,1
9702,0
29681,1
31834,0
3555,0
22789,0
18645,1
30731,1
4494,0
2716,0
8653,0
14914,0
22801,1
28649,0
16984,0
35601,0
2409,0
16740,0
22490,0
18119,0
35872,0
6825,0
17865,0
7524,0
18319,0
2463,0
16050,0
13777,1
5143,0
34801,0
22225,1
11578,1
15163,0
30247,1
9794,0
4036,0
25651,1
747,0
21221,1
35089,0
6661,0
5191,0
11997,0
29493,1
21813,1
10819,0
32655,0
25646,0
32949,0
27176,0
25372,1
20636,1
10321,0
29109,1
29865,1
6451,0
31411,1
30231,1
7409,0
25523,0
5745,0
35726,1
12677,1
28458,1
11586,1
24222,1
30848,1
22397,1
14786,1
3235,0
29519,1
18843,1
11358,0
1814,0
7203,0
15110,0
14247,0
22812,0
31731,1
20685,0
30346,1
33569,0
24103,0
4305,0
17228,1
23669,0
34140,0
9032,1
16431,0
22818,1
10330,0
4048,1
3065,0
5224,0
24403,0
28247,0
12998,0
14041,0
27808,1
35388,0
16196,0
16538,0
951,0
10518,1
17527,1
29300,0
7746,0
69,1
22528,0
31838,0
28641,0
20486,0
19378,0
35026,0
18728,0
36271,1
35451,0
22205,0
13006,0
17542,1
14397,0
30213,1
15965,1
22038,1
25562,0
8964,0
3412,0
26107,1
20776,0
4669,0
8855,0
33402,0
5966,0
35231,0
30471,0
7322,0
15773,0
7947,1
3982,0
4162,0
9846,0
6922,0
33773,0
31502,1
14242,1
35887,0
24907,0
1874,1
33028,1
27920,1
10801,0
11917,0
27734,0
18590,1
35014,0
14122,0
25176,0
25354,1
11341,0
20365,0
25898,0
29769,0
24630,0
1744,0
18386,0
20500,0
27488,0
1047,0
23127,0
8504,0
14395,0
6666,0
4060,0
7386,0
32740,1
22572,1
17658,0
6597,0
26050,0
9402,1
35514,0
4493,0
10773,0
34895,0
36141,0
21799,1
22103,0
10165,0
22135,1
3486,0
30669,0
10710,0
25756,1
16816,0
3543,0
277,1
3184,1
3178,0
20948,0
28797,0
28628,1
34128,0
31667,1
32113,0
18568,1
23361,1
12149,0
15907,1
7819,0
3330,0
24475,1
6312,0
35058,0
14219,0
20403,1
10599,0
1684,0
8226,0
30298,1
3318,0
21304,0
11923,0
2748,0
27589,1
1942,0
10333,1
32855,0
31647,0
18902,1
29054,0
34236,1
19486,0
10707,0
26922,1
5008,0
20088,1
23071,0
27099,1
31996,1
15504,0
23207,1
7686,1
13082,0
30138,1
34107,0
13725,1
26166,1
32321,1
17070,1
18455,1
29757,0
5908,0
13793,0
7127,0
25064,1
16542,1
19824,0
6788,0
7297,1
22349,0
20352,0
8978,0
22071,0
7779,0
12854,0
5260,0
27018,1
20524,0
26827,1
24697,0
10092,0
302,1
1374,0
34833,0
34678,0
3970,0
21217,0
15890,1
19958,0
10426,0
23383,0
12752,0
32167,1
15326,1
33791,0
33869,0
27385,1
17316,1
10086,0
27466,1
30513,0
2925,0
1180,1
12957,1
24571,1
35707,1
6354,0
8681,0
20777,1
9003,1
11966,1
12900,0
31474,1
23983,0
1452,0
31163,0
1231,0
1749,0
10308,0
20451,0
635,0
11585,0
17992,0
7264,0
25854,1
4638,0
3049,0
29197,0
16722,0
28478,1
25629,0
11476,0
9350,0
29891,0
27584,1
32012,1
11421,1
15571,1
21519,0
16820,1
20270,0
15422,1
14537,0
1876,0
5250,0
5095,0
10113,0
6220,0
15846,0
35675,0
20641,1
1220,0
4052,0
26404,1
14337,0
9352,0
8955,0
13462,0
16075,1
31243,1
28050,0
22252,0
28171,0
33530,0
18904,1
23179,1
8508,0
20866,0
26836,0
34881,0
24719,1
8450,1
16278,0
7518,0
13155,0
13786,0
26170,1
32767,0
7781,0
17337,1
28691,1
17623,1
32717,1
11870,0
21133,0
158,0
21609,1
17295,1
7982,0
2209,0
21689,0
1141,0
7088,0
11031,1
33521,0
2071,0
18501,1
14211,1
9479,1
24268,1
10067,0
17201,0
2380,0
2918,0
16529,1
28822,0
20443,1
21827,1
26042,1
5037,0
19810,1
5313,0
14505,0
33977,0
651,0
29582,0
12167,1
1622,0
15445,1
13440,0
27417,1
33241,0
4262,1
2219,0
29006,0
14384,1
16614,1
12213,0
7177,0
15783,0
25011,1
27327,0
33184,1
29096,0
29616,1
13368,1
8943,0
31075,1
26883,0
33390,0
9515,1
28967,1
19507,1
7685,1
28593,0
30701,1
6830,0
11522,1
14538,1
31513,0
4727,0
21100,1
15767,1
5094,0
13891,0
9343,0
19082,1
31490,1
15061,0
34293,0
32282,0
32381,0
12123,0
16556,1
25163,0
23172,0
28675,1
14920,0
5810,0
9739,0
15106,0
36176,0
3188,0
36170,0
33392,1
22944,0
17529,1
5328,0
7892,0
25733,1
17124,0
20140,1
32531,0
17432,1
31288,0
12439,1
23877,0
27915,0
19350,0
15416,1
282,1
23547,0
27098,1
34228,0
35893,0
15667,0
20604,1
3375,0
19540,1
1345,0
13584,1
14188,0
408,0
26111,1
3925,0
34953,0
15735,1
32759,0
11832,1
23056,0
7994,0
30717,1
1752,0
20417,0
32353,1
2020,0
20782,0
37,1
12843,0
2146,0
18828,0
29083,0
5109,0
18318,1
19926,0
11861,1
868,0
33227,0
27898,0
8713,0
11092,1
24123,1
27990,1
9819,0
16670,0
30101,1
16625,0
15939,1
9994,0
25738,1
34589,0
24716,0
15223,1
25250,1
8614,0
29086,1
15095,0
19786,0
21720,1
34768,0
21731,0
33404,0
30697,0
14857,0
29657,1
1465,0
3959,0
35909,0
14728,0
2472,0
31554,1
11022,0
15796,0
17910,0
7853,0
8327,0
13933,0
30228,0
1924,1
29478,1
26384,0
25652,0
1902,0
21508,0
175,1
4738,0
19010,0
24799,1
78,1
4420,0
15760,1
26507,0
26260,0
4360,0
16202,0
376,0
34032,0
12779,0
16840,1
24664,1
3046,0
34878,0
28385,0
19318,0
3207,0
8640,0
22229,0
35831,1
34873,1
17642,1
14130,0
31416,0
24062,0
5011,1
526,0
3052,0
12613,0
34642,0
19963,0
2709,1
12791,1
29977,0
31368,1
11127,1
28290,0
5840,0
20096,1
7045,0
20474,0
21890,1
7612,0
24023,1
19328,0
2888,0
16309,0
21058,1
1919,0
13643,0
26232,0
14459,0
274,1
18776,1
19853,1
2103,0
8397,0
33675,1
25786,0
14732,0
83,1
32825,0
25925,0
18241,0
10417,1
20437,1
35789,1
10843,1
12868,0
26446,1
33730,1
13800,0
27835,1
1870,0
6614,0
21274,0
32029,0
34598,0
33127,1
2991,0
24943,0
28063,0
34811,0
22956,1
22611,1
15125,0
18937,0
13104,0
7060,0
8194,0
33701,1
17131,0
15418,0
28332,1
33299,1
1937,0
24053,1
11983,0
28454,1
18114,1
2172,0
6031,0
19985,0
9839,0
21368,1
29924,0
12328,1
27631,0
20246,1
5034,0
9823,1
30447,1
7460,0
8804,0
979,0
14075,1
8105,0
7780,1
4001,0
9833,0
21980,1
13531,0
2037,0
9720,1
11271,0
31259,0
2920,0
30287,1
28010,1
23832,0
19646,0
22303,1
10485,0
21174,0
35343,0
1560,0
201,1
4297,0
11765,1
23120,1
22800,1
4092,0
1444,0
20354,1
30511,1
34726,0
32104,0
11280,0
1524,0
22779,0
34486,0
6770,0
21149,1
17934,0
1911,0
20640,1
20884,1
23841,0
19009,0
30764,0
2278,0
14548,0
18549,1
19228,0
29070,0
14271,0
3315,1
7028,0
36126,0
6714,0
31379,1
3693,0
6443,0
31033,0
21263,0
6808,0
1826,0
18305,1
32456,0
11052,0
705,0
20018,0
4580,0
32043,0
20947,1
29631,1
34555,0
18608,1
8708,1
30312,1
15899,0
14830,1
26258,1
7174,0
12483,1
30178,1
7736,0
942,1
14698,0
109,1
1111,0
1951,0
20330,0
6224,0
17083,0
28681,1
28376,1
3741,0
18334,1
12947,0
18725,0
1862,0
17651,1
8034,1
15472,1
34212,0
32688,1
2212,0
14846,0
15212,0
8946,0
9124,0
7915,0
28416,1
32543,1
1359,1
25212,1
8880,1
15129,0
31156,0
22427,0
30040,0
24666,1
18494,1
29423,0
24294,1
32206,1
10627,0
29097,1
3093,0
8634,0
25281,0
5403,0
33698,1
25453,1
12286,1
2170,0
24720,0
7064,0
20813,1
35844,0
30772,0
5271,0
17959,0
35030,0
25915,0
36100,1
27305,1
28190,0
29796,0
18651,0
16844,0
1960,0
16726,0
34174,1
10272,0
291,1
8075,0
30449,0
26798,0
2608,0
11469,0
5473,0
2393,0
20711,1
30873,0
3491,0
18147,1
21901,1
11878,1
7063,0
5940,0
21802,0
2052,0
3035,0
3373,0
3924,0
14634,0
11219,1
2994,0
13068,1
33248,0
31340,0
27463,0
8219,0
34116,1
9549,0
17695,0
6070,0
32322,1
18607,1
22452,1
8759,0
11629,0
1190,1
28016,0
1487,0
11495,0
5106,0
22291,1
21329,1
35858,0
35741,0
12730,1
9333,0
16200,1
33965,0
2171,0
11657,0
3871,0
28682,0
35545,0
14877,0
14884,0
23714,0
34672,0
8974,0
5561,0
3295,0
15520,1
22696,1
5055,0
26553,1
14999,0
13262,1
15059,1
1687,0
5334,0
3840,0
35411,0
4434,0
17777,1
32309,1
3218,0
6570,0
34960,0
31871,0
13312,0
760,0
17440,0
1944,0
27843,0
6223,0
20401,1
11973,1
1470,0
19849,0
21183,0
31783,0
16656,1
23386,1
1163,0
10050,0
1705,0
12129,0
16401,1
20587,0
12257,0
10776,1
22764,0
34503,0
30103,1
20817,0
4365,0
461,0
16335,0
22587,0
36030,1
23099,1
2159,0
34199,0
70,1
23566,0
26392,1
16377,0
4419,0
22512,1
34842,0
24579,0
9593,0
23629,0
12758,0
3469,0
8263,0
2623,0
10791,0
8214,1
505,0
7806,1
28883,1
22,1
31339,0
11293,1
28001,0
12305,0
24031,1
26411,0
18713,0
7650,1
23790,1
32692,0
26352,0
36183,0
17278,1
12264,0
24939,0
27175,0
9056,1
14501,0
11501,1
19442,1
9134,1
14168,0
30337,0
7639,0
17923,0
16814,0
3017,0
6043,0
24061,0
16880,0
9061,1
22263,0
1978,0
36056,1
690,0
4851,0
10028,0
4885,1
11058,1
28326,1
19697,1
5805,0
36160,0
32623,1
8737,0
16725,1
11396,0
28615,0
11737,0
13358,0
30664,0
18350,0
2341,0
26603,0
31395,1
24322,0
22247,0
27089,0
10184,0
5235,0
7301,0
22035,1
2793,0
29050,1
29440,0
18553,1
13796,1
7918,0
17087,0
5543,0
13438,0
21878,1
20283,0
2741,0
28200,1
28003,1
27545,0
10065,1
389,0
9926,1
3708,0
25982,1
33097,1
2397,0
24087,1
34557,0
27924,0
821,0
22341,0
26014,0
13987,1
31903,1
30903,0
26990,0
36225,0
32277,1
16173,0
29358,0
3943,0
27344,0
21641,0
26737,0
6884,0
10232,0
9848,1
13318,1
15487,0
12294,0
11181,0
5000,0
21691,0
2080,0
10604,1
17823,0
34452,0
4310,0
35301,1
29359,0
23176,1
2856,0
6703,0
32349,1
16800,0
29544,1
3796,0
17986,1
19740,1
21076,1
16114,1
11650,0
32411,0
10670,0
24420,0
28094,0
9956,0
20250,0
32828,0
35023,0
25364,0
33886,0
21934,0
9984,0
32145,1
31477,1
20488,0
713,0
7099,0
16103,1
23911,1
23332,0
14893,1
24756,0
34026,0
26877,1
25500,0
20265,0
33223,0
33306,1
25450,0
268,0
12007,1
545,0
31793,1
10580,0
22646,1
25834,0
24989,1
32959,0
28587,1
12871,1
28132,0
22776,0
34292,0
23623,0
27142,0
126,1
2201,0
13428,1
7699,0
21115,1
25019,1
26735,1
11287,0
13342,0
4321,0
11264,0
1649,0
23479,0
23241,0
2483,0
16340,0
8626,0
32565,0
25084,1
24608,1
24271,1
26648,1
6173,0
35648,0
12087,0
31923,0
19751,0
19255,0
34050,0
18430,0
20744,1
34942,0
3892,0
8487,1
15933,1
8986,1
13805,1
3665,0
13895,0
4591,0
22130,0
19690,0
10587,1
29417,1
17306,0
6546,0
5616,0
15880,0
35325,0
30073,1
19505,1
16115,1
23938,1
1326,0
27414,0
15539,0
3273,1
29341,0
19162,1
9666,0
9413,1
2751,0
35685,0
6085,0
16170,0
17484,0
10080,0
10114,0
31436,1
30845,1
687,0
8473,1
10987,0
7790,0
21087,0
22966,0
3092,0
21288,0
31752,0
4028,0
2625,0
24665,0
23808,0
2446,0
30809,0
11668,0
11128,0
7908,1
191,1
4976,0
32784,0
31771,0
4344,0
23117,0
28039,1
20550,0
23327,1
2747,0
34325,0
18543,1
27754,1
2425,1
35767,0
4050,0
12654,1
13147,1
20994,1
13838,0
30189,0
13139,1
32308,1
10405,1
2654,0
6477,0
1662,0
17512,0
27776,0
31283,0
28494,1
18673,0
25421,1
28231,0
19462,1
26003,0
9297,0
9084,1
7229,0
27150,1
29117,1
16358,0
13954,0
12913,0
6309,0
34311,1
23952,1
3358,1
14929,0
35258,0
32419,0
31081,1
8325,0
28673,0
23571,0
19485,0
27982,1
21366,1
19957,0
14686,1
33649,1
20259,0
18927,0
8522,0
12341,0
19222,1
7341,0
8102,0
1594,0
23971,0
32602,0
13778,1
14442,0
14178,1
15745,0
16928,0
29557,1
6895,0
34539,0
11860,0
35822,0
639,0
2512,0
2191,0
27216,1
23157,1
924,0
35646,0
32279,1
24526,1
4343,0
13301,1
35389,0
33900,0
11239,0
22865,1
6115,0
604,0
22436,0
6962,0
30202,1
26761,1
3026,1
18275,0
3393,0
22131,1
17689,0
21472,0
17141,0
29832,0
19466,0
194,1
5306,0
14737,0
12953,0
14165,1
30391,1
17115,0
31511,0
12610,1
5660,0
5189,1
29890,0
14985,0
27196,1
10552,1
4421,0
16996,1
25431,0
15319,1
9528,1
10958,0
5731,0
20739,1
11771,0
4718,1
16825,0
19227,0
24857,0
24983,1
28554,0
27083,1
32760,0
18115,1
19006,0
15313,1
12214,0
25262,0
10715,1
9123,1
30510,0
13442,0
28005,0
10802,1
12485,0
19671,0
8209,0
18947,0
8673,1
1230,0
5879,0
763,0
34220,1
26097,1
17898,0
28313,1
18378,0
12151,0
21032,1
21726,1
20557,1
24045,1
27386,0
1401,0
18912,0
23024,0
24183,1
29012,1
1343,0
21868,1
29084,0
15501,0
9190,0
11911,0
32556,0
8515,0
18380,0
321,1
26684,1
32647,0
31646,1
25412,0
17363,1
32129,1
3997,0
28057,1
14632,0
4142,1
9325,0
31080,0
34437,0
2863,1
20084,1
25443,0
20298,1
12221,0
11046,0
35355,0
33206,1
33990,1
17495,1
14601,0
9438,1
27640,0
29427,0
6027,0
5474,0
9705,1
28263,0
2521,1
8534,0
26587,1
30000,0
24297,1
32629,0
14387,0
9729,0
4626,0
34097,0
7992,0
6578,0
8887,1
36026,1
8747,0
28619,0
20839,0
3316,0
10960,0
24947,0
17773,0
24134,0
30878,1
9981,0
23531,0
15631,1
23012,0
14029,1
9610,0
9018,0
1442,0
2624,0
12394,0
20355,1
16972,0
2338,1
30107,1
29534,1
11894,0
28513,1
17766,0
3252,0
8028,0
2428,0
4195,0
17543,1
23728,0
22461,0
6648,0
30255,0
36272,0
6484,0
26626,1
7985,0
17476,0
14944,0
31140,0
3325,0
35662,0
17747,1
36249,0
111,1
33710,1
5664,0
23166,0
96,0
22241,0
23766,0
7763,0
15377,1
17730,0
28030,0
15725,0
